id,category,status,has_description,has_image_features,has_text_features,image_feature_dim,text_feature_dim
d9baee0e-4cd4-4d7b-8518-04eca70ee65a,bags,found,True,True,True,184,126
ca8e881a-025e-47bb-aabf-c81027bb8afd,bags,lost,True,True,True,184,126
6bd20e5d-a60c-4bc6-821d-20b4a577f3ef,bags,lost,True,True,True,184,126
d16cb0a3-2834-4f73-ad37-b086529adffb,bags,found,True,True,True,184,126
7834559b-55d2-41d0-99bc-a74f64bb699e,bags,lost,True,True,True,184,126
a08f3be7-174f-4724-884d-bcd8c026d99f,bags,lost,True,True,True,184,126
4c33173e-d915-439d-b68a-be1d6b7905ff,bags,lost,True,True,True,184,126
1b36d39d-00cf-46b5-adec-72d8a5b1857d,bags,lost,True,True,True,184,126
1b809494-637e-4869-a20f-b86431aec017,bags,lost,True,True,True,184,126
8409c89a-3389-4391-9e76-aa776f54ce80,bags,lost,True,True,True,184,126
6a90daa7-420d-454b-a36a-533f9db9b8ba,bags,found,True,True,True,184,126
089c959c-578e-43b1-9e37-6bc8c6c00502,bags,lost,True,True,True,184,126
a56550aa-9898-487e-84e0-0e26758bfc38,bags,lost,True,True,True,184,126
e3df8849-7ea9-4c01-b84b-8f73b0526396,bags,lost,True,True,True,184,126
10a94a9d-a60b-4fd5-896b-57c9ab75a6e7,bags,lost,True,True,True,184,126
0813a382-012b-4b45-8c6a-d3fbf94b9050,bags,lost,True,True,True,184,126
0994b36b-d09d-4c0e-9cd1-f49d1a4b6780,bags,found,True,True,True,184,126
bec4f401-6268-4659-a1de-25e9a6e73af7,bags,lost,True,True,True,184,126
f971275b-b8d7-4bb1-9368-66bb3bf43172,bags,found,True,True,True,184,126
d6846f3f-7f56-4241-b9d7-9a227fc9710b,bags,found,True,True,True,184,126
a9606381-dfe5-40e3-a355-1bcf7f255a39,bags,lost,True,True,True,184,126
4c20eb57-2f8d-4130-bce3-2a6c7d4c50b3,bags,lost,True,True,True,184,126
f6d038d1-53ee-4cc5-8ff3-45cd35d94d6c,bags,lost,True,True,True,184,126
baf60096-21e8-4ef5-a9f8-0f3d0edb6232,bags,found,True,True,True,184,126
bd1a0743-00b7-4ec2-aaea-80f5680d4fbc,bags,found,True,True,True,184,126
9c628354-377d-4184-b85b-0eb9a370c5be,bags,lost,True,True,True,184,126
309cee03-8db7-434e-b0f7-66477d9b1707,bags,found,True,True,True,184,126
da2244f8-7ecf-47da-baf6-0c40592529d4,bags,lost,True,True,True,184,126
f80d3c41-5f00-4605-8f47-4f49da808005,bags,lost,True,True,True,184,126
ca0ef09a-f60c-4742-9a44-6fa761981a7b,bags,lost,True,True,True,184,126
8ae28d66-28f4-4878-b6c7-f011722dba5e,bags,found,True,True,True,184,126
9b663b2d-82e4-4ff3-9384-416fa7722242,bags,lost,True,True,True,184,126
f66fa7dd-31b1-4a49-9577-d9822037d8a0,bags,lost,True,True,True,184,126
00a4327f-6816-47df-bc09-fc48f47e6e24,bags,found,True,True,True,184,126
24b31f4b-09f2-497a-a07e-59eb8bd430bd,bags,lost,True,True,True,184,126
290650fb-f966-4e63-a368-4b1354a94aa7,bags,found,True,True,True,184,126
7dbbc37c-7ac5-4cd0-aa38-e7f2bc1ae072,bags,lost,True,True,True,184,126
72ea16df-6add-408b-9f73-98d1ae7054e5,bags,found,True,True,True,184,126
4a4d4a32-3bd2-4f59-9c28-fd1c2c2aafaf,bags,found,True,True,True,184,126
cf5c06c8-fd02-432c-ae75-f1aa0e7b2423,bags,found,True,True,True,184,126
e26a1f14-e3cf-4250-b1df-cff796ef146e,bags,found,True,True,True,184,126
a7793fb8-9eee-4f78-9d12-443e895a9934,bags,lost,True,True,True,184,126
210331c0-6c0b-4330-b388-4a1cf0ab9d41,bags,lost,True,True,True,184,126
9cdac310-4576-4d49-8ead-a9c96150bd6d,bags,lost,True,True,True,184,126
243358d7-9c86-41b0-89c7-783413094902,bags,found,True,True,True,184,126
b49bd3ca-fe22-4654-9ced-ff9d9761e00c,bags,lost,True,True,True,184,126
d1a589b1-fb7a-4173-8f87-7a4151e0c388,bags,found,True,True,True,184,126
a37602cf-8227-4a2f-aefe-c061420253da,bags,lost,True,True,True,184,126
5ab75a3a-2e68-4b57-a489-48552159afda,bags,found,True,True,True,184,126
2c9fac38-e63a-4f6d-b504-dffc9de80e15,bags,found,True,True,True,184,126
fc47021f-b28a-4ab6-84ea-5bdcc4e10ee9,bags,found,True,True,True,184,126
45d49ae6-107f-42f9-9f59-47a0c5d4efe2,bags,lost,True,True,True,184,126
0e248a4a-9bc9-482b-a3ae-6db4221290d9,bags,lost,True,True,True,184,126
976a2b6b-2d51-4fc3-b31c-e3a2ee362bf5,bags,lost,True,True,True,184,126
841436f6-8a94-438e-9fad-8466c6ae534e,bags,found,True,True,True,184,126
df91a802-8317-4f87-8f32-888915eb7c62,bags,lost,True,True,True,184,126
5d71973d-e362-444d-8038-66c43e0d7c0d,bags,found,True,True,True,184,126
b4b22567-0cee-479f-b377-02dd0d2b6ebe,bags,found,True,True,True,184,126
4768685d-9efa-4b5d-9baf-31bec2e9211f,bags,lost,True,True,True,184,126
0cf9a218-576e-4719-8011-1c81592e258c,bags,lost,True,True,True,184,126
5b3c1a05-6932-41f6-b142-86dffa4f2f3d,bags,found,True,True,True,184,126
3bb1d991-ed5d-4088-bc85-1c444cb4b4b1,bags,lost,True,True,True,184,126
66d9f4eb-1c3c-4a7d-a1c9-1f660e05f7f0,bags,found,True,True,True,184,126
7519699b-adbd-4476-9aff-6dddaa0b9196,bags,found,True,True,True,184,126
381c3f9f-5e95-4765-942b-6972b236c59d,bags,found,True,True,True,184,126
3ff36edf-2292-4746-ac53-0608b63e50bb,bags,found,True,True,True,184,126
a935a7fd-3909-4618-83bb-5d63f2707a77,bags,found,True,True,True,184,126
799e03c9-4475-441d-bd90-bc812cc9ec8b,bags,lost,True,True,True,184,126
58d4cf87-9419-440a-b310-c4e1f875016c,bags,found,True,True,True,184,126
40426b6f-020d-4d20-b3b0-6179a14adbec,bags,found,True,True,True,184,126
c0b2d2c4-9d14-4aab-8ea9-fda7556600d5,bags,lost,True,True,True,184,126
a80edf48-7377-465e-af51-9eddeabe7f6b,bags,lost,True,True,True,184,126
feaa36f7-f529-434d-96aa-ff2c9f270c6e,bags,found,True,True,True,184,126
87b871c5-e49a-4a83-bef2-c8d06308b66f,bags,lost,True,True,True,184,126
c3a2a1dd-8282-44f1-b53e-237d1ae79f03,bags,lost,True,True,True,184,126
5596c45e-b0c9-4a77-952d-d10699799ee5,bags,lost,True,True,True,184,126
4d9dd088-6c8d-4c10-ba1f-f6b7b8db779b,bags,lost,True,True,True,184,126
9e708c29-a21d-4c30-b85c-dba51bdf73f5,bags,lost,True,True,True,184,126
241d7e92-49f2-4a00-b63a-de14d4c575ee,bags,found,True,True,True,184,126
245b04c7-52ea-4984-901f-4ad136d1610e,bags,found,True,True,True,184,126
72f106f6-7e56-49d6-9306-490c2d5fbe50,bags,lost,True,True,True,184,126
361ffb1c-47d9-4db6-a7f5-0b65e83118be,bags,found,True,True,True,184,126
3ecf0501-f95d-4246-89cf-dfcc3165941d,bags,lost,True,True,True,184,126
7ead5e99-a697-4bed-8238-58e746a810e7,bags,lost,True,True,True,184,126
8443f845-20b5-4adc-a4d7-12482972f7b4,bags,found,True,True,True,184,126
e7077a8e-051a-498e-85dc-b8c09907172a,bags,lost,True,True,True,184,126
47f1831c-b546-4ca5-b163-ebce1a20d064,bags,found,True,True,True,184,126
14b84338-cb53-40f0-9179-ba813635b579,bags,lost,True,True,True,184,126
c34d093a-fc3a-48f8-aec0-4bfd133005f9,bags,lost,True,True,True,184,126
a89e0343-1dcc-4217-ae7e-1b8762d42120,bags,lost,True,True,True,184,126
f86d982e-2b84-4da6-9357-896fe279a78c,bags,found,True,True,True,184,126
402dbebd-9377-4f3b-9546-2678669e1c64,bags,lost,True,True,True,184,126
4ddb6c45-1cc9-48b9-8e04-318d1268ef1d,bags,found,True,True,True,184,126
ada9e5c3-22a4-4a6e-8c95-3dafca98b5fd,bags,found,True,True,True,184,126
16eb2fdf-f994-4ec3-98b4-0937032d2250,bags,found,True,True,True,184,126
6c6b902c-6563-4f9e-a57c-99ab33025c18,bags,lost,True,True,True,184,126
75f88ee5-3026-4bf4-bc5e-186736b6a54b,bags,found,True,True,True,184,126
df581096-2cca-43dd-8831-96fe2a33229d,bags,found,True,True,True,184,126
982ed0f9-00b5-4dad-89a0-d05da1991b7b,bags,lost,True,True,True,184,126
9c3f2849-8c33-48eb-9126-69acdae0d072,bags,found,True,True,True,184,126
99c62cb3-5fc1-4ba9-a9ba-e6b6a8002511,bags,lost,True,True,True,184,126
d87769ce-e0c9-408c-addf-872c04b77ada,bags,lost,True,True,True,184,126
399f6dec-494d-4508-ba52-716a1b00baff,bags,found,True,True,True,184,126
4c5b47a0-ebaf-4670-9073-2fbd471f8e5f,bags,found,True,True,True,184,126
a8b40c01-3804-4452-8e62-e48a045c705a,bags,found,True,True,True,184,126
23425117-fb00-4e4d-8b68-b9f82bb7f167,bags,lost,True,True,True,184,126
31ae3baa-10bb-477f-8e91-dd403fd57097,bags,lost,True,True,True,184,126
84a9fbc1-97b2-4ffc-81c8-0e0e7eb1c94a,bags,lost,True,True,True,184,126
847b4416-a8b0-41b6-8355-7ce4bc824fca,bags,lost,True,True,True,184,126
c9ef206d-0372-47c5-890a-0151207b63ef,bags,found,True,True,True,184,126
0dd5c5a9-fb53-4acf-bb72-07fc111d5379,bags,lost,True,True,True,184,126
d0b715bf-151e-45b0-8eeb-03b9f298fb80,bags,lost,True,True,True,184,126
1b7e8bb9-aaeb-4c0e-9c0a-8f410b4ba009,bags,found,True,True,True,184,126
1fc9c2d7-4cee-4adb-bd98-33aa3913994a,bags,lost,True,True,True,184,126
d954408b-a95d-4847-b154-fa1674be9957,bags,found,True,True,True,184,126
737a6afc-4699-4f0b-b3f9-ff605fab0cbf,bags,found,True,True,True,184,126
113238fe-f06a-4c69-b5b3-913df49dfd08,bags,found,True,True,True,184,126
aa31588d-3ea0-473c-8883-f23c931be154,bags,found,True,True,True,184,126
47c24867-2fd1-4455-a34d-3fe0965dcb1a,bags,found,True,True,True,184,126
0917fa35-539d-483a-800b-87f7d2b45920,bags,lost,True,True,True,184,126
1ee18ae7-db0a-4c47-91c3-fd514510e447,bags,lost,True,True,True,184,126
0488fb12-45ee-4f13-b987-d84b69ae3c1b,bags,found,True,True,True,184,126
55deaccb-bd99-48b9-8bb0-b62c3f748a16,bags,found,True,True,True,184,126
f692e2a1-7ea0-41d1-872a-dec8bb52d48b,bags,found,True,True,True,184,126
61841a6c-6fcb-464b-a21f-b5657816a06c,bags,lost,True,True,True,184,126
5239573b-51bb-4343-9310-df4052c2be7d,bags,lost,True,True,True,184,126
24908a1b-dbe5-4c26-b196-058eb45b7e60,bags,found,True,True,True,184,126
eec390d5-ba89-4c1b-a3f8-1e90858b8a28,bags,lost,True,True,True,184,126
cd097df7-ef24-498b-bf51-7310e8022506,bags,found,True,True,True,184,126
f9cbb84a-a2f9-4173-b646-3e597f9013e1,bags,lost,True,True,True,184,126
6d563da5-b529-4e48-9650-beb674e68351,bags,lost,True,True,True,184,126
9d29c276-cc2b-4dc7-8bb4-d57b1b740e06,bags,found,True,True,True,184,126
0117cf01-9ee2-4f5c-baf8-efbb65c8e232,bags,lost,True,True,True,184,126
67721ea6-c3c7-4889-8856-27ba8d7b5b52,bags,lost,True,True,True,184,126
e21a8f97-acf4-4d10-a654-878573936c4d,bags,found,True,True,True,184,126
4f6a0f1d-b1e9-4374-8844-1786711ce720,bags,found,True,True,True,184,126
e7278fb1-16db-4190-9359-c6c0d107837f,bags,lost,True,True,True,184,126
19a7339a-126d-425e-9889-0cad11ee4b5f,bags,lost,True,True,True,184,126
cc38bf0e-a28d-4484-ab15-17a75bfbd1ee,bags,lost,True,True,True,184,126
f59ee977-623d-40a4-b814-f9ea4ff42408,bags,found,True,True,True,184,126
205dbc26-98ac-4c0f-adb9-642af0e2fcb6,bags,found,True,True,True,184,126
27ebabb1-328f-4f81-a51c-62f51f6a529b,bags,lost,True,True,True,184,126
e734edb6-2204-437c-997c-a2160b724d2f,bags,lost,True,True,True,184,126
bfeb63d2-5800-400b-8ea6-584081ac0424,bags,found,True,True,True,184,126
30d29b61-035a-4fe7-b164-fe6a6a69610b,bags,lost,True,True,True,184,126
2cddb995-50e8-46db-b4ca-670e9061e1b2,bags,lost,True,True,True,184,126
7f82abf8-2a81-4bb2-b6a8-1d1fe88d3b5f,bags,lost,True,True,True,184,126
4a1c6c8f-7e0e-4797-8e15-36567863c913,bags,found,True,True,True,184,126
5ab3fd8d-4a06-48d2-9e37-588da04ea1ff,bags,found,True,True,True,184,126
b2cc5f9d-3955-49c5-99d7-b118c1260606,bags,found,True,True,True,184,126
07ac8727-b57e-4c1d-9f13-879e1b6e8558,bags,lost,True,True,True,184,126
6031aabe-7a38-4618-8957-0517e9d752a5,books,lost,True,True,True,184,126
7be5c822-555e-471f-bebc-9910f53ab0d6,books,lost,True,True,True,184,126
9c9cac5c-d186-4769-949f-bed9c9ea5962,books,found,True,True,True,184,126
f94bd8e9-4740-490b-a118-ca71141aef2e,books,lost,True,True,True,184,126
be2cf335-b616-4874-9139-735ab6cb881d,books,found,True,True,True,184,126
e3d70679-b8b2-4721-85e2-4c535ffd50b6,books,lost,True,True,True,184,126
7dae8fa6-0e65-4554-91a0-2dae255ceaf7,books,lost,True,True,True,184,126
32aa04e1-e38b-4706-8a44-6fbea13bf30f,books,found,True,True,True,184,126
9ba42e2d-e560-4b3e-91ec-4610ff183bd3,books,lost,True,True,True,184,126
38e3a66e-8bd1-475c-9d66-ebf8a3aed7ba,books,found,True,True,True,184,126
e2d325c5-1abb-4df2-8f76-e99cd523c6ab,books,lost,True,True,True,184,126
6febcd9d-d84d-4184-8cf6-a06bc0a508f0,books,found,True,True,True,184,126
276c2de8-0d4e-4919-9b92-27e0bcd3ad99,books,found,True,True,True,184,126
17d1979b-4e6d-4ca7-b3bb-2277e1e4a89d,books,found,True,True,True,184,126
dbaf00f1-6bd2-4c26-85ff-dc82f8de2005,books,lost,True,True,True,184,126
f2933de1-8482-4531-873a-22353580478d,books,lost,True,True,True,184,126
1fe52378-3ca7-4e77-8bbb-864258c53f54,books,lost,True,True,True,184,126
fb472359-7427-4f1d-a7f0-bda7a4abfeb4,books,found,True,True,True,184,126
68b7c3d1-928b-470f-aede-ec2c4594b732,books,found,True,True,True,184,126
bee0262c-aa8d-4f33-9ebf-877832e669ef,books,lost,True,True,True,184,126
5226f406-82dd-462a-81e3-77cd7bdf9f85,books,lost,True,True,True,184,126
ff424bad-1ec9-46df-8fe5-1273de228ce9,books,lost,True,True,True,184,126
e17736ff-537d-4c04-884a-07e892c995c5,books,found,True,True,True,184,126
7bfbeaa9-66b8-4ef1-b30a-2372ac384718,books,found,True,True,True,184,126
f5f75b55-0bcd-4f6c-9a03-3a585cd44473,books,lost,True,True,True,184,126
df937a66-60a0-4021-8c23-e12080d3c187,calculators,lost,True,True,True,184,126
b3fbeb2a-a784-4ffc-93dc-93ce0d6d9a13,calculators,lost,True,True,True,184,126
e7eccadd-2779-4f71-a3a1-ab474d7fa39c,calculators,lost,True,True,True,184,126
bd584bd3-032b-4fea-b17b-fe1a516ee994,calculators,found,True,True,True,184,126
72765b47-2edd-47c5-9ad5-ac4cc3ee5e4a,calculators,lost,True,True,True,184,126
c5f65886-00fd-43d3-9efc-b6d337fae4ce,calculators,found,True,True,True,184,126
f30e5eca-655f-47d1-bbdf-4059402f8a66,calculators,found,True,True,True,184,126
80311d06-dbe2-4935-b202-677e32c97e52,calculators,found,True,True,True,184,126
8d35ed4a-ccfe-4249-ba0c-8b9add968e27,calculators,found,True,True,True,184,126
fa8eda79-b589-4295-9d04-4edbdaad77fa,calculators,found,True,True,True,184,126
10c33c67-92d5-4a35-887c-b9b37d6630b8,calculators,found,True,True,True,184,126
88c54f57-e745-4adb-b4e0-5bfe142b79de,calculators,found,True,True,True,184,126
2387ab51-4f2c-4428-81a5-2a4772586c90,calculators,lost,True,True,True,184,126
bdeb28bc-d245-4506-954b-15d6a6693721,calculators,found,True,True,True,184,126
0a3ee44a-ca73-4dfa-bf2d-c2603e017f8b,calculators,lost,True,True,True,184,126
0e5e3ea8-7bb9-488b-b225-37f852eb53a2,calculators,lost,True,True,True,184,126
02f52048-ddea-4e45-991b-615496ae9c90,calculators,found,True,True,True,184,126
8c8b7705-85db-4dc3-a8ba-6bb0d4e9792f,calculators,found,True,True,True,184,126
3aebe87f-18b1-4f92-8415-7e2e2ee73b5d,calculators,found,True,True,True,184,126
7cbff30b-428e-47b2-9104-cc54c89f3927,calculators,lost,True,True,True,184,126
39c6df58-ad40-44d2-830f-c1e043a566b1,calculators,found,True,True,True,184,126
d8411ec0-bee1-41e3-8092-03da58cce1f2,calculators,found,True,True,True,184,126
08c2999d-2b46-4931-8fe7-1a155e917dbd,calculators,lost,True,True,True,184,126
5a00fbf3-d1f0-4b49-8931-8943e3e0ad36,calculators,lost,True,True,True,184,126
f617a704-e993-4f75-bfd1-250103bb81cd,calculators,found,True,True,True,184,126
4ec5775f-0478-4b4c-ae93-e5cb386bc90e,calculators,found,True,True,True,184,126
df8c99ca-af2a-481c-a30c-8c2d66aae48a,calculators,lost,True,True,True,184,126
c718716a-fef5-43b1-9717-07f3d95900dc,calculators,lost,True,True,True,184,126
9aa27d45-7526-4862-9b51-f2083504b89f,calculators,found,True,True,True,184,126
92d571ee-d462-4173-bcd6-28f93ae98bad,calculators,lost,True,True,True,184,126
70c77089-d071-40bf-aecb-e1c652332f23,calculators,found,True,True,True,184,126
af586cca-10d6-4096-a831-d36133aa3ab1,calculators,lost,True,True,True,184,126
d74a2826-184d-4dd1-bde6-745ff1d240b1,calculators,found,True,True,True,184,126
8924b0d9-0a60-4cc3-925e-d7a7e304e09a,calculators,found,True,True,True,184,126
0c056294-a1b9-4ad7-9dfa-ee3ba98130db,calculators,found,True,True,True,184,126
c4ed421d-6d6a-4c32-be86-06ae049f46eb,calculators,found,True,True,True,184,126
8dcc6ec4-b978-403d-8fcc-7608cc420d31,calculators,lost,True,True,True,184,126
2ca0f600-d31a-4bd3-a0c9-4856b03bec3d,calculators,found,True,True,True,184,126
db76f806-d110-4fa6-9bab-eb8e6a207a41,calculators,lost,True,True,True,184,126
28fd3f1b-0a6f-4b3f-97c7-9e18b3cfeaaf,calculators,lost,True,True,True,184,126
e847d88f-bcb2-4728-9711-56c975d766a2,calculators,lost,True,True,True,184,126
c3ee6f69-0260-4887-9dd9-b7d48b4d9493,calculators,lost,True,True,True,184,126
72a6f453-2c85-4c3e-8de1-3c38fe10cebd,calculators,found,True,True,True,184,126
61c4d485-246a-481c-94f3-b6509980bad5,calculators,lost,True,True,True,184,126
f2b980f8-8e34-48af-938b-2501bd6df753,calculators,lost,True,True,True,184,126
c61f124a-8d74-4e61-948e-b22ddec6f724,calculators,found,True,True,True,184,126
cd95502e-8c23-47db-910e-766a0804dcaf,calculators,found,True,True,True,184,126
3b91608e-f81d-4d4d-a890-b1165fdc1d02,calculators,lost,True,True,True,184,126
0a52a2d3-8c5a-4b06-90aa-3871a8c6d4b7,calculators,found,True,True,True,184,126
80e79b8d-05b4-435d-8cf0-de08fd8d1cf3,calculators,found,True,True,True,184,126
77693356-7235-4961-ad13-4db808703b6e,calculators,lost,True,True,True,184,126
838327f0-d847-4cf9-9852-e09415a3f835,calculators,found,True,True,True,184,126
fbee0c3c-ebc5-4b9c-90da-8343364cd5f3,calculators,found,True,True,True,184,126
706d6822-fa0b-4846-b57b-335cf1bc3241,calculators,lost,True,True,True,184,126
ddaaee1f-f059-4411-9577-2e71762ca7d9,calculators,lost,True,True,True,184,126
345205e7-caf1-4354-b3cc-e2c63d86ac6a,calculators,found,True,True,True,184,126
2dde14de-7a0a-44c7-9917-64b781d56fd9,calculators,lost,True,True,True,184,126
c835bbd3-c81f-40ca-8a29-6977eddffc3b,calculators,lost,True,True,True,184,126
e6315671-7f49-4feb-8475-c678b18a02a8,calculators,found,True,True,True,184,126
6bdcd72e-85a3-46e6-9782-0149cfa7b1df,calculators,lost,True,True,True,184,126
83493ae1-cb42-4e38-820f-104d368d4e26,calculators,lost,True,True,True,184,126
0b7d79a1-d1d2-44de-9335-692efc2ec56f,calculators,lost,True,True,True,184,126
1ffb9274-b8ff-4a29-ae2f-3bc218caf41c,calculators,lost,True,True,True,184,126
276c8a9a-a3c1-4923-b6d6-be5067375d49,calculators,lost,True,True,True,184,126
ee4d5fc6-de55-477b-9cb0-d7d434080ed8,calculators,lost,True,True,True,184,126
34dd94bc-6d20-4da7-8e27-76f2b3375fba,calculators,lost,True,True,True,184,126
b25120b7-b815-48d0-8b62-d7eec7948cc0,calculators,found,True,True,True,184,126
f0c29505-99af-497f-a256-a5cc0b8fc083,calculators,found,True,True,True,184,126
28a707a1-acc2-493c-90e2-ea74048d7c5f,calculators,found,True,True,True,184,126
aa1cece5-0ca4-4844-a6ff-74e73de5bf50,calculators,lost,True,True,True,184,126
90fcc52d-9d30-4d27-9c79-b6651408bbca,calculators,lost,True,True,True,184,126
24ba6e0a-219e-4495-a0c8-29bbd34e2172,calculators,found,True,True,True,184,126
f44a4fae-0db4-4f19-8edf-ba56fe4ddc33,calculators,lost,True,True,True,184,126
2e92e13d-97a2-4712-a003-3189626a59f6,calculators,found,True,True,True,184,126
1af980b9-694e-46eb-afc8-4deba2ddbbb4,calculators,found,True,True,True,184,126
2fbec7d0-4a19-4e7e-820b-06aa609c97c1,calculators,lost,True,True,True,184,126
7e1d1020-4a7e-4e2e-abde-59754d5724db,calculators,found,True,True,True,184,126
26d11e4d-9717-48d8-bdc4-8e7a9b1fcb28,calculators,lost,True,True,True,184,126
cc9d420d-3f0f-408f-9795-eff8241f2b8e,calculators,lost,True,True,True,184,126
0471f5c1-b304-44fe-87da-eca0e36192c7,calculators,found,True,True,True,184,126
43976adf-59aa-44fc-8f24-51e28678a67e,calculators,found,True,True,True,184,126
bd312504-ad17-4146-925a-510ea7424802,calculators,lost,True,True,True,184,126
9ff681b9-1502-4f25-89f0-5d069ad6cf75,calculators,found,True,True,True,184,126
aa08080b-6849-4d13-81c8-d1bf20a312b2,calculators,found,True,True,True,184,126
a89afbfc-c90e-4dd0-9aad-b973e71738ab,calculators,found,True,True,True,184,126
bf3e54c8-8e6f-4256-90fe-c34a608b4794,calculators,lost,True,True,True,184,126
d15a854f-a5da-4217-87d2-fa9a27cba1a2,calculators,lost,True,True,True,184,126
fef3af95-dac8-43c8-aea7-6adcde4bd8b6,calculators,lost,True,True,True,184,126
8b30005d-b57a-48da-9d9e-baf4356bf574,calculators,lost,True,True,True,184,126
95d9b287-2d75-4e20-bdf5-efd82eb3fd7f,calculators,lost,True,True,True,184,126
8a51cb03-7a90-4196-a7f0-dbe8e3cdf386,calculators,lost,True,True,True,184,126
1f779a22-3563-40e0-8a34-7a5a15eea400,calculators,found,True,True,True,184,126
09b86e8b-c0ad-43f6-a607-c6e06c52bb49,calculators,lost,True,True,True,184,126
92632bfe-5710-427a-84fc-04ceec114c61,calculators,found,True,True,True,184,126
db07bf54-8c60-4e6f-9277-7a1979c22725,calculators,found,True,True,True,184,126
f1b700ed-eba6-4cfc-b47f-3645e34a2450,calculators,found,True,True,True,184,126
c530e9d6-6017-423d-9f6b-720b4b0c31a2,calculators,lost,True,True,True,184,126
2b0d8534-dd68-4877-8b72-eed9f3719ec4,calculators,lost,True,True,True,184,126
dda72f10-ed71-47bb-8eac-8393a238e66d,calculators,lost,True,True,True,184,126
459d223f-4947-4347-9777-8af907e6915e,calculators,found,True,True,True,184,126
bc7da7d3-a250-479c-a1be-62f8329411e6,computer-mouse,lost,True,True,True,184,126
e6d634b8-adec-407f-9d73-231b7c351c76,computer-mouse,found,True,True,True,184,126
70c77a7e-f6c2-4202-a665-59b688bb1802,computer-mouse,lost,True,True,True,184,126
44fac47d-74b3-4da5-a7a6-5f363b5ed98c,computer-mouse,lost,True,True,True,184,126
6446ddd0-10b4-4617-b1fd-71eb29d6f6f7,computer-mouse,found,True,True,True,184,126
2928dbd0-6ed7-4659-b1f2-e845aa4d3988,computer-mouse,lost,True,True,True,184,126
ac3dca16-26e1-4494-b0d6-1685ce81d809,computer-mouse,lost,True,True,True,184,126
2c89484d-778b-411b-a7f2-d78b31832c4e,computer-mouse,lost,True,True,True,184,126
16482ed0-a3a9-46a2-aa9a-ecdf959b35b1,computer-mouse,found,True,True,True,184,126
e2826cb9-8a15-49ea-9855-428b4166e936,computer-mouse,lost,True,True,True,184,126
7e68197f-5188-4350-9a3c-4b1eadeed907,computer-mouse,lost,True,True,True,184,126
44ea5e29-5526-4cb7-b3f6-b3d137e20b7f,computer-mouse,found,True,True,True,184,126
cdaab7b0-05c2-4db2-9f5f-0000c986adb2,computer-mouse,found,True,True,True,184,126
2526e7c9-8408-425a-bb55-e03571368708,computer-mouse,found,True,True,True,184,126
387d5488-3dd5-4005-8707-944e29c31bd8,computer-mouse,found,True,True,True,184,126
d008e92d-42a1-4108-9bd2-7553ec05ac23,computer-mouse,lost,True,True,True,184,126
b87aeda8-277e-4f5e-aba6-28de961da4e6,computer-mouse,lost,True,True,True,184,126
7b1528f1-9d9c-4f55-86a8-217a009d98d6,computer-mouse,lost,True,True,True,184,126
f0fd3e44-5ba8-4cab-8a02-7929529f6749,computer-mouse,lost,True,True,True,184,126
f47a0b8f-c823-4ed3-ab26-4ec4a0f80409,computer-mouse,found,True,True,True,184,126
924979fd-78d6-49b5-8124-f0ab0197eb61,computer-mouse,found,True,True,True,184,126
1c2e4245-7e81-49c0-abad-708883dfbd4f,computer-mouse,found,True,True,True,184,126
58312f4a-fa69-4e16-94e0-8d3ba432b9e0,computer-mouse,found,True,True,True,184,126
1ac5cdeb-3a27-4983-8d72-4db7fcc2d032,computer-mouse,lost,True,True,True,184,126
06486f8e-f182-402d-a79b-bfa0572b8d77,computer-mouse,found,True,True,True,184,126
94e75fc0-4d56-4d5e-b9dd-9a404d255dfd,computer-mouse,found,True,True,True,184,126
8de9fd9a-9339-4fae-b65f-d9a8d7083c6e,computer-mouse,found,True,True,True,184,126
99b8e6ac-039e-426f-869d-1d1a8803415b,computer-mouse,found,True,True,True,184,126
f6c44e0d-802a-4686-bb60-991f033ea766,computer-mouse,lost,True,True,True,184,126
232b3aca-1479-4bf9-8773-cbb32276b421,computer-mouse,lost,True,True,True,184,126
775ea426-dd0f-481b-a62f-f1be7b33ff64,computer-mouse,lost,True,True,True,184,126
8833cd8e-38bc-4634-8b42-a94d72146f99,computer-mouse,lost,True,True,True,184,126
890b9c87-a492-4254-b0bf-7516d94b6a44,computer-mouse,found,True,True,True,184,126
9a7cd02a-f887-4411-a0a8-1dc7c099ac26,computer-mouse,lost,True,True,True,184,126
634abecc-92b0-492d-b843-98b596945088,computer-mouse,lost,True,True,True,184,126
156756db-1e0b-44d0-ac4d-1aa954ae96b9,computer-mouse,lost,True,True,True,184,126
51ed2635-775f-4870-9f5c-0d43224e8d01,computer-mouse,lost,True,True,True,184,126
978db374-df96-403c-a03a-cfe662f522a3,computer-mouse,found,True,True,True,184,126
16303419-3b47-4a0e-b116-5b43df8dffdc,computer-mouse,lost,True,True,True,184,126
4614b9eb-450c-425b-aaac-1f13ccc8ef30,computer-mouse,lost,True,True,True,184,126
14dec2c4-971b-4d57-ae5e-21b639bbb6f7,computer-mouse,found,True,True,True,184,126
d0d9f60d-73d9-43db-9e45-2c7d2fad925b,computer-mouse,found,True,True,True,184,126
e1ae2372-ee84-4d5e-aeba-90fae094794f,computer-mouse,lost,True,True,True,184,126
65342c98-5032-474b-a933-0543f2ec0590,computer-mouse,lost,True,True,True,184,126
a1feace4-be2d-41b4-93ae-c880d0162b7d,computer-mouse,lost,True,True,True,184,126
92817f31-95d1-4b8c-b5e1-e4f7fd3fcc37,computer-mouse,found,True,True,True,184,126
212e5980-3bd1-4d96-87d8-3bf05f12936a,computer-mouse,lost,True,True,True,184,126
79238ad5-5425-4415-8c91-7e20e0d11ecc,computer-mouse,lost,True,True,True,184,126
9852f2ef-a0c1-4697-a5d6-b80a13d5b4d9,computer-mouse,lost,True,True,True,184,126
e016e376-da0e-40f4-ae78-3215974af621,computer-mouse,lost,True,True,True,184,126
65bf8199-8c23-430a-a4dd-7503cb9ed249,computer-mouse,found,True,True,True,184,126
5500f151-1a07-4e55-9e57-b088f1d550ca,computer-mouse,found,True,True,True,184,126
a24dc449-13e8-4cac-a71e-8675c64fd4c3,computer-mouse,found,True,True,True,184,126
ad05761e-d1c7-4cc1-b84c-727766434054,computer-mouse,found,True,True,True,184,126
192ec43c-a77a-426c-9dd2-bc3efb0d3e95,computer-mouse,found,True,True,True,184,126
b8415518-9fc2-49a9-bae7-17c64a70f854,computer-mouse,found,True,True,True,184,126
a77343af-393d-4ac6-84b2-e0c779a4e246,computer-mouse,lost,True,True,True,184,126
d5b660db-1d0a-4677-8e44-c575466a9e04,computer-mouse,lost,True,True,True,184,126
e748e460-bfb3-494b-8526-5158b3f4cac6,computer-mouse,found,True,True,True,184,126
64847a09-9232-40ea-9403-cdc0f4ff9dab,computer-mouse,lost,True,True,True,184,126
fb53a32a-7afb-4684-88bf-917bb9e943fc,computer-mouse,lost,True,True,True,184,126
bb405a46-45ee-44d9-9014-4ed49f5249d7,computer-mouse,found,True,True,True,184,126
ddb9794c-93fc-4dae-bb15-59d4b7e908cd,computer-mouse,lost,True,True,True,184,126
7211dcfe-caa8-4309-b2d8-fd36e89f3f6b,computer-mouse,found,True,True,True,184,126
3c482a31-4982-44a4-926d-173546b62dbb,computer-mouse,found,True,True,True,184,126
ea025888-d88f-4d4e-b6e4-ee3a91ebff3e,computer-mouse,found,True,True,True,184,126
f067fe6e-41e7-46db-bfda-eac1cf83566e,computer-mouse,found,True,True,True,184,126
17db8507-0c1b-47e9-a8de-ffd155e9bc6a,computer-mouse,lost,True,True,True,184,126
e37ecef9-86b2-4847-9b7e-c96b7487d32e,computer-mouse,found,True,True,True,184,126
a9ce5069-a18b-4516-a76b-f8e4f12ffa6e,computer-mouse,lost,True,True,True,184,126
a3208e09-01d0-4553-b36c-8d36fbb89829,computer-mouse,lost,True,True,True,184,126
75ad0899-9f2c-4fbf-b22c-98e78908165d,computer-mouse,lost,True,True,True,184,126
e0379bff-572f-478c-96fa-c7e2ac422abe,computer-mouse,lost,True,True,True,184,126
d1e4e586-c32a-4f55-9a2c-20db4d27ae26,computer-mouse,lost,True,True,True,184,126
8fb2abd0-e5f3-4f76-b359-1ad5ce56c105,computer-mouse,found,True,True,True,184,126
723bcd12-06db-4d7d-a77a-5b7382d5acf6,computer-mouse,found,True,True,True,184,126
93218b07-a6e7-437e-abb7-335d7e29bf0f,computer-mouse,lost,True,True,True,184,126
17e56767-8bf0-4210-9d29-f5ae177071c2,computer-mouse,lost,True,True,True,184,126
415de8f4-a73e-4507-b6cd-50d5602942c2,computer-mouse,lost,True,True,True,184,126
84d0b890-9a7c-4ad6-8d05-c053626beed4,computer-mouse,found,True,True,True,184,126
beb02f27-e6a4-47a2-9f63-025d1660c747,computer-mouse,lost,True,True,True,184,126
4cb28101-b43e-453c-941a-b42cf7432b95,computer-mouse,lost,True,True,True,184,126
20d15033-0e35-44b2-bb67-7c2ffd80658e,computer-mouse,found,True,True,True,184,126
eb5c3054-45b5-4f42-8a74-fd6e3817c6da,computer-mouse,lost,True,True,True,184,126
f3700995-2c82-4311-a0df-f86247f980aa,computer-mouse,lost,True,True,True,184,126
e4361a85-104e-48e4-9deb-915b7e6c0e0a,computer-mouse,found,True,True,True,184,126
d81e5aac-7a3d-4bee-8d39-fd6326f69009,computer-mouse,lost,True,True,True,184,126
a33ee267-4dfe-457a-9000-ae6a78d59670,computer-mouse,lost,True,True,True,184,126
e5ed06d7-1795-4c20-8941-69662d49e26b,computer-mouse,lost,True,True,True,184,126
81fb9d75-dbc2-47cb-a8ec-070bf8c536cb,computer-mouse,found,True,True,True,184,126
f3f26ece-2af6-4871-afbb-04ffb0e9b5d3,computer-mouse,lost,True,True,True,184,126
d031d00a-5a95-4ceb-8bc9-77719b3585c3,computer-mouse,lost,True,True,True,184,126
8456de7c-bd6f-4402-ade6-1b915f2b027c,computer-mouse,found,True,True,True,184,126
09e515d2-6f97-414a-a7f3-3cfc7f97f02d,computer-mouse,found,True,True,True,184,126
ef3012be-13e0-4333-80a4-d86add898b2d,earphones,lost,True,True,True,184,126
6f82addc-28a3-408a-88e2-13d42788e81c,earphones,lost,True,True,True,184,126
8f3e332c-4063-4873-bcad-6431d6cb96df,earphones,lost,True,True,True,184,126
a1690ad1-33fd-4983-a1fb-f2a8e0d9585b,earphones,found,True,True,True,184,126
c2fc5aa9-e8c7-4012-882b-81e813b41ed3,earphones,lost,True,True,True,184,126
b7968e94-82fe-480b-8ccc-ec800e635008,earphones,found,True,True,True,184,126
f0db34f0-1fe7-438e-bce7-c87a074c8b68,earphones,lost,True,True,True,184,126
2419b619-307b-4fba-9242-39768a55dbe1,earphones,found,True,True,True,184,126
76fdadc8-faf2-4a2b-8ded-3ce074165484,earphones,lost,True,True,True,184,126
854466c2-d6cc-4dee-8d9f-a8905534ea98,earphones,lost,True,True,True,184,126
caa73de0-8673-45d6-9750-a752b6c6c2ad,earphones,found,True,True,True,184,126
08eb3d6e-d186-41dd-bd1a-fff1e659629c,earphones,lost,True,True,True,184,126
a0bc5bda-1093-4af8-bf20-5972107f5016,earphones,found,True,True,True,184,126
0f2bd84a-9f16-4aca-9e79-2cde72e8b391,earphones,lost,True,True,True,184,126
f038dea8-2bc7-4210-92b3-998577f7013f,earphones,found,True,True,True,184,126
92451385-e2ae-427c-9663-8457829e7a97,earphones,lost,True,True,True,184,126
621894b9-a7f0-4ac2-b3d4-2b62c68ae24a,earphones,lost,True,True,True,184,126
acdbf9ea-3cd8-4f47-a1a4-097782721274,earphones,lost,True,True,True,184,126
e0d12350-be28-4fd2-bf09-30270dd2607b,earphones,lost,True,True,True,184,126
25ffc1be-6aad-4201-8685-6cd1ed612feb,earphones,found,True,True,True,184,126
0c623c1a-5b4e-4056-a7dd-a1e6387d8376,earphones,lost,True,True,True,184,126
59c2c684-2f2d-46a3-8339-83e99a590a10,earphones,lost,True,True,True,184,126
4331fb30-c3a2-4dd1-a32e-0aa4cf89fcf1,earphones,lost,True,True,True,184,126
75cd934a-1c5b-438e-9310-9c9f30e14059,earphones,found,True,True,True,184,126
3e10c58f-9dd7-4faa-829d-6bfb70203c46,earphones,found,True,True,True,184,126
14144987-a55f-4124-9e0d-2c4d754733e8,earphones,lost,True,True,True,184,126
9374e441-0be5-46be-962f-b31a3986117d,earphones,found,True,True,True,184,126
dfbd4a5a-613b-4a7d-a7c3-f95b30dc7128,earphones,found,True,True,True,184,126
94db4f6d-89d6-48aa-bc7e-50349b59c320,earphones,lost,True,True,True,184,126
3c3a2ccb-a0ca-415c-afa5-0386813ecc23,earphones,found,True,True,True,184,126
96330bcb-2a33-413d-ba09-f5d7edba5776,earphones,lost,True,True,True,184,126
ad402524-d504-4eb4-a0d1-782d3622109f,earphones,found,True,True,True,184,126
49be65b2-4b1d-4d4d-867a-62d720721498,earphones,lost,True,True,True,184,126
63511de3-2c9d-4e4a-a4c7-54fadbfba724,earphones,found,True,True,True,184,126
d2683d68-3892-4162-a8e2-ccd14b24c52c,earphones,found,True,True,True,184,126
fda0dd49-87f2-4361-bef4-35bb20886683,earphones,lost,True,True,True,184,126
1b9b5e4e-2438-4e9e-886d-a78d3934b69a,earphones,lost,True,True,True,184,126
7cedb958-33e3-4598-9bda-57b1eba33258,earphones,lost,True,True,True,184,126
ffa9ec0a-add4-40d2-a895-fff6ee9c22ec,earphones,found,True,True,True,184,126
c801592a-ab47-4f11-96c3-87bd51b16bd2,earphones,found,True,True,True,184,126
9ae2ab5e-b370-4136-a398-5e34e3acf8ca,earphones,lost,True,True,True,184,126
9a7719a8-ad21-48cd-a0f8-d0829646045a,earphones,found,True,True,True,184,126
c20a643a-3ff1-49a0-b218-1c7e4ed35347,earphones,found,True,True,True,184,126
67f8f525-6485-425a-8ab8-4b5cfc4c02f7,earphones,lost,True,True,True,184,126
11aeaa04-5136-46f0-bcd7-fc5c65a0628b,earphones,found,True,True,True,184,126
e7b0bfc6-a1d7-42ea-bab5-e597e1304dd8,earphones,lost,True,True,True,184,126
9889412e-b773-4ae3-837a-d6581c718152,earphones,found,True,True,True,184,126
a35d9e24-d0ab-44a7-92ae-b152c07a735e,earphones,lost,True,True,True,184,126
b861b04e-a1bc-492e-8318-4f27c8f9a594,earphones,lost,True,True,True,184,126
2d8f2a03-72ca-4878-881e-18ab57a015ab,earphones,found,True,True,True,184,126
724dab08-32d0-4ebe-a9c9-b72934a578d4,earphones,lost,True,True,True,184,126
7654d1ec-528d-458a-a5b0-28a4f4289096,earphones,lost,True,True,True,184,126
01b76037-d510-4ddf-86e3-901df8e2d501,earphones,lost,True,True,True,184,126
ab7663ea-0933-4d5c-b985-d9d38d371bd3,earphones,lost,True,True,True,184,126
08283035-a615-4188-9ddb-74132000c369,earphones,found,True,True,True,184,126
345e45bf-cc8a-4b67-892c-f3f7610c3b82,earphones,found,True,True,True,184,126
a9af0a26-74dc-405f-9ca3-396d67d9eaba,earphones,found,True,True,True,184,126
a370851c-3bfd-42de-a6da-50fcb1de1069,earphones,lost,True,True,True,184,126
12630f35-2111-4447-91c2-12ecbb0ee76c,earphones,found,True,True,True,184,126
3a7998ac-addb-440e-a349-8bab101a97bd,earphones,lost,True,True,True,184,126
fe9c784a-f488-401a-bf04-8d8613460c58,earphones,lost,True,True,True,184,126
82ae314b-523a-4413-9be6-3ececbf9c3a4,earphones,lost,True,True,True,184,126
a8680aad-215f-48d7-afaa-69be7bdaad2a,earphones,lost,True,True,True,184,126
00c96767-198f-4ce7-9f2d-3228f9730638,earphones,lost,True,True,True,184,126
a52d5c39-19b9-4f2d-a03a-796d46155244,earphones,lost,True,True,True,184,126
db68d82a-6fb3-4964-b2ec-68475377cdac,earphones,found,True,True,True,184,126
35215f1b-07da-46f4-b0dc-deebed67b9f2,earphones,lost,True,True,True,184,126
3b331a8f-fde1-45cf-8595-acf35953a02e,earphones,lost,True,True,True,184,126
7891b662-9cf4-4fd9-b30e-ce22daaa4c38,earphones,found,True,True,True,184,126
7ecb30fa-2f0b-42ac-b92b-9d56d33abf6f,earphones,found,True,True,True,184,126
83b55d86-0f2f-41cc-9147-21b31b876dac,earphones,found,True,True,True,184,126
6288e22d-05aa-4a70-b5be-447f15f76ee7,earphones,found,True,True,True,184,126
c9cd1761-894b-4324-9249-cd594ca4d967,earphones,found,True,True,True,184,126
6df5ab01-8cbb-4b44-b54a-b2f545c4310e,earphones,lost,True,True,True,184,126
4c0ca6b7-5c0b-4b78-bbf9-2cd32c67dac0,earphones,lost,True,True,True,184,126
1d8e4800-4ef4-4a51-bf9b-8859b18672e6,earphones,lost,True,True,True,184,126
3690d6d2-aa70-4fb9-bad8-aa1a1d0d7349,earphones,found,True,True,True,184,126
70cb560b-fdc7-4c12-9f09-9ba2046afc0a,earphones,found,True,True,True,184,126
47e7ecc0-0e77-461f-b6c6-5d67b48c01cc,earphones,lost,True,True,True,184,126
385d144b-cdd1-420a-8823-46e948cd75e3,earphones,lost,True,True,True,184,126
71df4c92-9973-4729-b4a8-ed17d5632427,earphones,found,True,True,True,184,126
a33dccba-726a-4372-8dbe-1a364e5eda6d,earphones,lost,True,True,True,184,126
de1d5b0d-92ad-45e3-b8ac-ca67607bd6d3,earphones,lost,True,True,True,184,126
a7c7e9c4-3492-451b-8ff4-bcde222dcdab,earphones,lost,True,True,True,184,126
2874d377-2917-4205-96e2-61a5b84a1ba6,earphones,found,True,True,True,184,126
73ec3726-25d2-4628-9a7a-833f95a3f0e4,earphones,lost,True,True,True,184,126
12ed77de-be05-43cc-b4ba-b596ef5bec20,earphones,lost,True,True,True,184,126
bea5e819-5f9a-4c55-9f05-f8ecee73c332,earphones,found,True,True,True,184,126
d3d007d4-4aa5-42df-aa48-4577df4f4070,earphones,lost,True,True,True,184,126
4f941692-cf60-4898-876a-f12358f6c76b,earphones,found,True,True,True,184,126
aaeb32e7-7082-46e6-a61e-b6ec3aadb024,earphones,lost,True,True,True,184,126
f2798e9a-73a1-47d4-8cd1-99cbec711255,earphones,found,True,True,True,184,126
21779c55-369a-4fe2-bf6b-ed3b70a58b9f,earphones,found,True,True,True,184,126
f1ea059d-f7dc-4864-8e37-49dac9c792db,earphones,found,True,True,True,184,126
2f6da07e-9a2d-4139-b37a-e0c20005f271,earphones,found,True,True,True,184,126
814901ff-f78b-4de0-8c50-6f3e79a29443,earphones,lost,True,True,True,184,126
9ad7c542-23c1-4737-aafe-8dc7c57a4e33,earphones,found,True,True,True,184,126
bfa0e99a-02c3-4079-befe-c1a80384bfc6,earphones,found,True,True,True,184,126
322de916-a1e5-425b-b222-b9a7cd36d933,earphones,lost,True,True,True,184,126
07940dcb-b8d1-49a9-8e96-8fffe3971427,earphones,lost,True,True,True,184,126
078d284d-aba2-4945-9d2b-19dd8d7568de,earphones,lost,True,True,True,184,126
47455a47-af17-4e07-b068-4b55883d63fa,earphones,found,True,True,True,184,126
601402e3-5fd1-423e-aa1f-6cf07824a2e7,earphones,found,True,True,True,184,126
cfe12746-f386-4021-8377-74798295efe8,earphones,lost,True,True,True,184,126
52bf5298-a6d1-490d-a280-33a16cfb57cf,earphones,lost,True,True,True,184,126
7225f68c-9e22-42b0-a3de-f49ec38f1653,earphones,found,True,True,True,184,126
104df1f3-1fcf-410a-a96a-d18d28304e0a,earphones,found,True,True,True,184,126
0085095a-41cf-449a-8539-8bf46e9cfe3b,earphones,found,True,True,True,184,126
83471017-d3cc-426e-a70b-3368023bd55a,earphones,found,True,True,True,184,126
88d2f892-7448-4ad9-a94d-114e6a55c87d,earphones,found,True,True,True,184,126
1d1e2a31-2e64-4850-9fc6-ec7ea4574f27,earphones,lost,True,True,True,184,126
2c74ceeb-7867-4177-a241-bfb1c7689f11,earphones,found,True,True,True,184,126
0bdec606-9a55-423d-8d96-e51f733ccc63,earphones,found,True,True,True,184,126
34936482-6d94-4f9b-bc0f-6ea3e529bcd2,earphones,lost,True,True,True,184,126
32a5f6de-83d8-441e-9be4-b25f27e7a968,earphones,found,True,True,True,184,126
5ad2f98c-0737-4698-9c97-90bacb501d9e,earphones,found,True,True,True,184,126
f621c855-866c-4816-84bb-2bf407190ee2,earphones,lost,True,True,True,184,126
667531f1-2abd-47e8-8d80-d1dabdf5041d,earphones,lost,True,True,True,184,126
029b14fa-e46a-4a2e-8509-023470b03887,earphones,lost,True,True,True,184,126
409ad505-2f9f-4fce-9c56-a7a0d5d56cde,earphones,found,True,True,True,184,126
c01f00ed-3dad-4dae-a3fd-ae4c311c6f05,earphones,found,True,True,True,184,126
c403d05e-0d38-498a-8b50-0871e0498369,earphones,found,True,True,True,184,126
2aae31b6-40b8-43a8-8125-0bf9a6c1b525,earphones,found,True,True,True,184,126
ed2eca32-c8e6-41c6-ba3f-772dc1b29408,earphones,found,True,True,True,184,126
2f9d7cd6-6b3f-4097-aecc-2f229d9e26b8,earphones,found,True,True,True,184,126
e63b86a3-12f0-4cdf-9ff6-bb994cf90fb5,earphones,found,True,True,True,184,126
23a6b0d6-a9ce-4e2e-b865-98ac1f71257c,earphones,found,True,True,True,184,126
93b107ad-cf05-4596-8e8a-d331d6bf1492,earphones,found,True,True,True,184,126
53fab267-a2d3-4349-af68-55e2d85ee775,earphones,found,True,True,True,184,126
22833840-7506-4a51-97a3-ff71a3b1b5cf,earphones,lost,True,True,True,184,126
c18013ea-0878-4e9b-a1eb-2c77f33a3ced,earphones,found,True,True,True,184,126
f8d8dd21-4126-4c28-8969-f1918e7db52f,earphones,lost,True,True,True,184,126
392876d4-cc6f-4ca0-ace8-bbed83c21637,earphones,found,True,True,True,184,126
826bebfe-e5ca-408b-8143-9ccc157374ef,earphones,lost,True,True,True,184,126
004b1476-dc39-4e92-8ce3-3086e1f35324,earphones,lost,True,True,True,184,126
c10d4a56-faff-4d3e-9116-76b832760452,earphones,lost,True,True,True,184,126
aaadc0db-9662-44e8-bc53-f9689e644c78,earphones,lost,True,True,True,184,126
5e65af70-96c4-47fa-8f0b-9f1d771526a6,earphones,found,True,True,True,184,126
93c0eb9d-eda9-43c4-9fe2-0a605d3b833a,glasses,lost,True,True,True,184,126
69453be1-0fc2-4963-8e3e-cf2fcec92f54,glasses,found,True,True,True,184,126
2f77aa04-2804-4314-9ca4-9d6c3f9fec7f,glasses,found,True,True,True,184,126
51890fff-f5d7-4680-982c-76971b057486,glasses,found,True,True,True,184,126
1f54b187-8807-4cbf-bd7b-8147c3bc0bdc,glasses,lost,True,True,True,184,126
855b1ad3-5755-4bba-a3ab-310c86855162,glasses,lost,True,True,True,184,126
7481bbd1-b4ff-4ec4-9d34-a98e9a6dbad0,glasses,found,True,True,True,184,126
37fbce4b-921a-498e-87cc-d9658a66178f,glasses,lost,True,True,True,184,126
97e5f7e0-0cab-48ae-91d1-cb4576639121,glasses,found,True,True,True,184,126
dbbfea1b-ca22-4481-b2a3-851afc82337d,glasses,found,True,True,True,184,126
7fb513c6-b831-4e55-8f30-79a39aba32cd,glasses,lost,True,True,True,184,126
301a31ee-3fb7-49f3-ae19-1b9ff6d7b863,glasses,lost,True,True,True,184,126
3fe4f897-28f4-4ceb-ba92-26550b64dbc1,glasses,lost,True,True,True,184,126
faeb56b1-3244-47d8-86f0-15f54d3cf46f,glasses,found,True,True,True,184,126
5a080307-03fc-4fd0-9910-4a1823f7c814,glasses,found,True,True,True,184,126
823ae1f7-d1c7-40b5-ba20-a0f24f935449,glasses,lost,True,True,True,184,126
06ebe41c-1fc1-4249-a121-a245fbf1adec,glasses,lost,True,True,True,184,126
fade62b6-8eef-4b52-a591-06406048dabf,glasses,lost,True,True,True,184,126
57806934-cc17-4235-bc9b-05450ab63770,glasses,found,True,True,True,184,126
ae88e071-6f2b-470f-a782-dfeb33505b39,glasses,found,True,True,True,184,126
3d5a3081-bd7c-4a21-a3b1-1ac74e372ee0,glasses,lost,True,True,True,184,126
ad29caa7-7cbe-488f-b7d2-62804eaff6fa,glasses,found,True,True,True,184,126
62438c7e-e350-41b9-b380-49f522cdb499,glasses,lost,True,True,True,184,126
7fd64a3f-4e77-4905-bd23-6e01f9560034,glasses,lost,True,True,True,184,126
677b6a68-5867-4937-a02c-ffb4579d7f26,glasses,found,True,True,True,184,126
6606844e-06be-4480-a745-4e0769bdc747,glasses,found,True,True,True,184,126
92429991-5f9b-4757-9864-15347205b335,glasses,lost,True,True,True,184,126
aa0b9501-0215-4665-8fb8-fecb61c7cf84,glasses,found,True,True,True,184,126
1f09da0b-dcd6-426f-8f17-07bf3ea6c568,glasses,found,True,True,True,184,126
da44d7c6-fb81-4d9b-ba0a-754486fed41e,glasses,found,True,True,True,184,126
dd1c04eb-40ea-4349-82ff-50818e84266c,glasses,found,True,True,True,184,126
c3442769-ecb0-450c-9ece-6e739ae66707,glasses,lost,True,True,True,184,126
bd55d47d-24c8-4d54-8557-ae6b46be4a03,glasses,found,True,True,True,184,126
00b6539d-6351-44b3-9ea6-0171c9e5e11a,glasses,lost,True,True,True,184,126
8aec4d68-e3e5-4649-b8d3-8b7c92cf8bf5,glasses,found,True,True,True,184,126
675e4d71-3d28-427e-9928-bc8515de638d,glasses,found,True,True,True,184,126
d9f90bcc-9f64-4e58-857c-690dbc10e3d7,glasses,found,True,True,True,184,126
286d7a86-f5ea-47f2-9344-cf2d830f7e66,glasses,found,True,True,True,184,126
4dd66ea6-c94b-4ac8-b22a-62c2c65558c7,glasses,found,True,True,True,184,126
8e71430a-247f-4e1c-ae3b-c0f833f62f90,glasses,lost,True,True,True,184,126
940c6f11-2bc9-4bb1-acb3-b7b77ff2ce71,glasses,found,True,True,True,184,126
ed7ab856-a672-4967-9246-9680daf4fbaa,glasses,found,True,True,True,184,126
aee88d64-c2db-4231-8c1b-9472071c6b54,glasses,lost,True,True,True,184,126
0c0e5b88-daf1-4b0b-9b77-d776fb0505a8,glasses,lost,True,True,True,184,126
ce7cb6bb-2996-4bf7-9106-f2f41592acd3,glasses,found,True,True,True,184,126
845023da-e3dc-4041-8137-c67123d73dea,glasses,lost,True,True,True,184,126
d6bacde6-7ec3-4a6d-967b-f81ef78e33a0,glasses,lost,True,True,True,184,126
26b8d720-9aa4-48cf-97d6-b3ac7d9fbd08,glasses,lost,True,True,True,184,126
adf998ea-c4bd-4a22-922b-9e9a280cec28,glasses,lost,True,True,True,184,126
a0c70764-e59e-499c-8606-592473458ca9,glasses,lost,True,True,True,184,126
b531ab28-2b1d-409f-8b2b-dfce188eae5e,glasses,found,True,True,True,184,126
8dc7ad80-6145-48e0-92a1-450f2a7eff84,glasses,lost,True,True,True,184,126
6888fc22-1d35-4677-a3c8-d0c2ed159450,glasses,found,True,True,True,184,126
63e1a64d-acdc-4a36-80bc-211c6fae7d45,glasses,lost,True,True,True,184,126
43613a87-f87b-41ec-9951-6439129463e1,glasses,found,True,True,True,184,126
7915bbbb-c205-4d5f-bd05-e323a824a09e,glasses,found,True,True,True,184,126
5e49b398-34a0-4f0c-9df2-0a56b404f4ee,glasses,lost,True,True,True,184,126
2896010c-ed40-49eb-8683-4e65b81bd382,glasses,lost,True,True,True,184,126
ce506c56-5296-40db-b5fc-b369c4219b8d,glasses,lost,True,True,True,184,126
3a47332e-3e18-46f6-a512-6cea5b7e1a06,glasses,lost,True,True,True,184,126
f3519893-12a5-4af6-91f6-b21dc218d62b,glasses,lost,True,True,True,184,126
c5768bc5-666b-43d9-a1cb-de6108477df6,glasses,found,True,True,True,184,126
eabb4ec7-67a4-49e7-9f45-5231fdabfbbe,glasses,found,True,True,True,184,126
bd2fbf51-ec09-4e29-9f55-ef571a436077,glasses,found,True,True,True,184,126
ca519bae-ebac-4199-8f28-885a7d3f9cdf,glasses,lost,True,True,True,184,126
ea5f2529-76a5-42a7-a996-29bd49e94a1b,glasses,found,True,True,True,184,126
ee602c2a-dec2-43ee-9922-36983a97e360,glasses,found,True,True,True,184,126
8bf75063-54e7-47df-85f4-888906066b42,glasses,found,True,True,True,184,126
2b4d324b-c0a2-4432-a2b3-9842cf536614,glasses,found,True,True,True,184,126
93beed7c-57dd-484a-aaf5-960e24814369,glasses,lost,True,True,True,184,126
fa71dee7-d0a1-4140-86f9-9596486f825d,glasses,found,True,True,True,184,126
a55a12f6-523a-4751-ba89-190734844f8b,glasses,lost,True,True,True,184,126
1c5d05a5-a97b-4970-bfa5-2a8dff95cc83,glasses,found,True,True,True,184,126
a879f39f-d65d-4599-add5-aea57bea55d7,glasses,lost,True,True,True,184,126
beb08f8e-cebe-475e-8207-f12d82278917,glasses,lost,True,True,True,184,126
560c46d4-abe3-4418-9b05-a473059dddd4,glasses,found,True,True,True,184,126
b6fa1a89-eda0-4ea0-a894-ad30f17f1edc,glasses,lost,True,True,True,184,126
9bb3ebc4-8b38-4b78-8610-0908126c7b9f,glasses,found,True,True,True,184,126
79f11275-70dd-482a-a3cb-f1433404c1e5,glasses,found,True,True,True,184,126
014e6a4a-b391-4a52-8dc3-98b638a46414,glasses,found,True,True,True,184,126
a494d43b-d2b8-4425-8f4b-57ccfe631d14,glasses,lost,True,True,True,184,126
2e216f97-8d37-476e-9152-028a224c7c05,glasses,lost,True,True,True,184,126
7a42ec24-552e-4a83-946f-ba2e748dac58,glasses,found,True,True,True,184,126
c743275c-272b-43ee-a439-0a020d16846f,id_cards,lost,True,True,True,184,126
85136426-8352-4069-87bc-0f385c0b16f4,id_cards,found,True,True,True,184,126
3c5c23e4-a9de-4d13-9813-5c0111c07f3f,id_cards,lost,True,True,True,184,126
365a9fe1-b793-43b6-9e56-ed2ea397d7fa,id_cards,lost,True,True,True,184,126
39728523-7258-48f1-9263-b67565821f40,id_cards,found,True,True,True,184,126
9b2ec18f-dbf0-49e8-8530-16b4aecf2fe7,id_cards,lost,True,True,True,184,126
ab0deacf-bab2-4df0-9cd0-eb48fe15a974,id_cards,found,True,True,True,184,126
284c85bb-fdf7-4a53-9634-a03e58e6ac93,id_cards,found,True,True,True,184,126
2cecdd6c-7ba5-4970-b3bf-0d589de9aa15,id_cards,lost,True,True,True,184,126
8ef154d3-d382-4ac7-a823-2ef43628a9f0,id_cards,found,True,True,True,184,126
7c88dc63-6bc9-4e56-8084-b10259aa6a34,id_cards,found,True,True,True,184,126
a8062d99-a01e-4359-a31c-6c7036325314,id_cards,lost,True,True,True,184,126
42fc658c-6031-45b9-a20f-8d5f5e527661,id_cards,found,True,True,True,184,126
3077124d-615c-4190-9ab0-6f073d2f8336,id_cards,found,True,True,True,184,126
7dbb7f44-8340-448d-9a79-dd5e77073e61,id_cards,found,True,True,True,184,126
26f7d0af-b1a4-4b4b-a170-b45ec5786b84,id_cards,found,True,True,True,184,126
a90a9a85-aaa3-462e-996b-3fba3ce297d0,id_cards,found,True,True,True,184,126
e5c0b1a6-2dd8-4a12-8b6f-3643baa8d1bd,id_cards,found,True,True,True,184,126
90688576-5f6f-49b5-85a1-aa344a67b367,id_cards,found,True,True,True,184,126
2ff0acec-511a-4c3a-9d29-ba8100344fff,id_cards,found,True,True,True,184,126
eb6e5121-1799-4eba-a8d7-c58b8163d515,id_cards,lost,True,True,True,184,126
4724e236-12e6-41aa-a9a5-9c17844a7fc1,keys,found,True,True,True,184,126
019a0534-0d1f-45b8-bf9a-99ac36e1c49e,keys,lost,True,True,True,184,126
3496fdc7-66a7-427a-b4ee-cdf0524b5066,keys,lost,True,True,True,184,126
0c05c053-7298-4b2a-80d2-65d4aa7943a2,keys,found,True,True,True,184,126
bcf5351e-3062-4c53-9db6-e1fe873cc40d,keys,lost,True,True,True,184,126
a92bcb9b-e0c2-4ec3-ba4b-2054a030d8ca,keys,found,True,True,True,184,126
ddfe6a96-c330-4999-b0a2-561d22e221a0,keys,lost,True,True,True,184,126
795242c9-e4d6-421b-b01d-2b68f544be98,keys,found,True,True,True,184,126
e6352879-0012-46ca-a3a3-3b424e9fc3eb,keys,found,True,True,True,184,126
9ac0b12b-5eda-4df7-aa0a-a7c102f26bf1,keys,lost,True,True,True,184,126
92fcf8eb-d8ce-4d1a-87d7-866436ed1382,keys,found,True,True,True,184,126
f8cc757a-157a-456d-99fe-9f06ec73e8af,keys,lost,True,True,True,184,126
7ed31e91-4b6d-4941-a25d-c0bb1177771c,keys,lost,True,True,True,184,126
813e2f93-925d-413a-a56c-871b750f8b58,keys,found,True,True,True,184,126
ec03fef1-c495-4540-95a7-3a13c0eea33d,keys,found,True,True,True,184,126
b6bc839d-9a88-4df3-a42a-97e46a6c8140,keys,lost,True,True,True,184,126
558255a6-b1b0-4e6f-b549-5026b0ed4dbc,keys,found,True,True,True,184,126
b3a3704f-d24c-4a75-8d74-1ce8fc094f9d,keys,lost,True,True,True,184,126
641aad29-3928-4784-bb70-a925a039f39f,keys,lost,True,True,True,184,126
23e45639-4bbb-41fe-8973-c043a802a4d8,keys,lost,True,True,True,184,126
aefca0f7-a37c-4d3b-aa19-3e752a8dd1a2,keys,found,True,True,True,184,126
138ef9b3-de39-4942-8eb3-7ca2035e3430,keys,lost,True,True,True,184,126
a971638a-23bc-443d-85c4-cc1e860b8d3b,wallets,found,True,True,True,184,126
ec35715e-9c32-4cf8-a2e2-973153cad428,wallets,lost,True,True,True,184,126
05b9a698-8811-4a6b-bbac-4a893b7d0739,wallets,found,True,True,True,184,126
bd922fe9-51d9-4419-bdee-fa02fc92c9b9,wallets,lost,True,True,True,184,126
9f268098-38d6-4049-8113-56691e2a3af5,wallets,lost,True,True,True,184,126
1514fb8e-935e-47ff-a0fd-57070f66e460,wallets,found,True,True,True,184,126
c2cdf96c-a9c3-4c97-bffb-559f8a970d2f,wallets,found,True,True,True,184,126
f25dcd18-1b1e-4f45-a88b-f7491b81aa12,wallets,lost,True,True,True,184,126
4af9d03e-8e01-4e07-a38b-8f15065c99e7,wallets,lost,True,True,True,184,126
1daf1501-e493-4de4-9fdf-1807174d543f,wallets,lost,True,True,True,184,126
ab0ae732-6e8d-46d8-83c9-0475005be7a5,wallets,lost,True,True,True,184,126
dc6486d2-b271-4402-9bbe-0fbfc4653874,wallets,lost,True,True,True,184,126
79880570-60c6-469d-beba-2f778f252665,wallets,lost,True,True,True,184,126
4fcded17-d12c-44be-980b-1babc1ec22cc,wallets,found,True,True,True,184,126
8f4a3f07-523d-40e1-ba1d-28b88e508509,wallets,found,True,True,True,184,126
495d3bc2-4ff9-49bf-889f-e4a443e6518c,wallets,found,True,True,True,184,126
0245aacd-7e06-4320-91ac-61841560cdf7,wallets,found,True,True,True,184,126
6a67abbf-fb8e-42f1-8f89-9548f5b7531e,wallets,lost,True,True,True,184,126
fcdc0aa6-5e0e-49ae-aa5f-b0195dbfe376,wallets,lost,True,True,True,184,126
a8c646eb-a330-4c93-898b-7a4d7b0615df,wallets,lost,True,True,True,184,126
f0002446-5cf3-44d1-b2db-e6abf13b8907,wallets,lost,True,True,True,184,126
bc51f6e9-9fda-4220-93cd-dd62b8530bbb,wallets,found,True,True,True,184,126
64a65ed6-4136-4a5f-af45-2e1bcc004e76,wallets,found,True,True,True,184,126
066d30e1-1f52-40bb-857b-c09d53bea5ba,wallets,lost,True,True,True,184,126
0cb8caee-424b-4bcb-804d-b79d7146d3d1,wallets,lost,True,True,True,184,126
a486a304-4d64-48e5-8e24-79344c1a9e7a,wallets,lost,True,True,True,184,126
7e3c892a-08d4-4345-90b7-232670db89c8,wallets,lost,True,True,True,184,126
89c4aa6b-ea7c-485e-a8c5-43fe6a1cbc40,wallets,lost,True,True,True,184,126
f2337545-f61d-40ce-9bc5-5fa319d72856,wallets,lost,True,True,True,184,126
f72a8bc5-1586-46ff-b90e-76ae262d8086,wallets,found,True,True,True,184,126
2f68c4a5-c260-4f7b-bcdf-1a1ae795b8d6,wallets,found,True,True,True,184,126
a202f6b3-92e4-47f4-a556-2aca467430bd,wallets,found,True,True,True,184,126
75673ede-001c-4368-b727-4f8b97b4f288,wallets,found,True,True,True,184,126
bfa4bbc2-d736-4c6f-8e72-a3c27a53ff81,wallets,lost,True,True,True,184,126
9b9ecf9d-9d52-4bd6-a61d-6649b48a66fb,wallets,lost,True,True,True,184,126
165d4895-7c5a-4846-9a78-0422d00d193e,wallets,lost,True,True,True,184,126
064ded80-ce91-45aa-819f-e4997c5ebdba,wallets,lost,True,True,True,184,126
e452f8e5-96f0-404a-960e-514fc7067d95,wallets,lost,True,True,True,184,126
2e4735b4-fac1-4e5a-ae47-c4d9da735373,wallets,lost,True,True,True,184,126
ed92e0a5-891c-4baf-a0d2-a19f14bc3b82,wallets,found,True,True,True,184,126
d98e7c41-151f-475d-9bff-d4ba64e8e258,wallets,found,True,True,True,184,126
f4e2c186-b0f8-4e43-aca4-a7abfa75c281,wallets,found,True,True,True,184,126
28168bb5-0424-4167-b362-c0bb1f58f228,wallets,found,True,True,True,184,126
0235af13-9f94-4325-9822-5235acad1737,wallets,found,True,True,True,184,126
7a33ef53-41ef-4207-8da4-0e44d2992ac7,wallets,lost,True,True,True,184,126
f1f79a20-1439-4ed6-9c8b-e560e231b4c9,wallets,lost,True,True,True,184,126
571cee8b-7b70-4bac-a7a6-0f29b33d0f86,wallets,found,True,True,True,184,126
d4e8a986-0b77-47c4-9b6d-ada697dbe4d6,wallets,lost,True,True,True,184,126
01a931d1-04f3-44da-98c6-d7d7e2f17951,wallets,found,True,True,True,184,126
93e96488-ed3c-4a60-9b0e-6f3fe800e7f6,wallets,found,True,True,True,184,126
9b368285-5751-4adf-bce9-0b47c84511b0,wallets,lost,True,True,True,184,126
0ac086f1-32a9-49f0-9753-46a72f86dc5c,wallets,found,True,True,True,184,126
277e1666-7508-485e-900e-4d66c4148bc7,wallets,lost,True,True,True,184,126
6bb06a16-a676-4c32-8c22-d04739887b63,wallets,lost,True,True,True,184,126
212157ab-0563-42a9-b4d2-c76c6b6b3a1a,wallets,found,True,True,True,184,126
4017ea8a-8f2b-4f20-ad59-7a21ac82ce51,wallets,lost,True,True,True,184,126
9baabcbb-0e7a-4916-9636-9c5b0e9b5e79,wallets,found,True,True,True,184,126
01b5c6cf-19d5-44c5-b732-b5cefdd12dd3,wallets,found,True,True,True,184,126
14ce7c9c-5150-49e0-af8b-c46d5b174516,wallets,found,True,True,True,184,126
d0c7f9b5-b5ed-4c81-b8e1-baf2fcd1d845,wallets,found,True,True,True,184,126
924f6bf5-99f2-49ec-ad34-0e8d01f6d58d,wallets,lost,True,True,True,184,126
678e65d4-0e67-42fc-9ba8-2fab2edd10e0,wallets,found,True,True,True,184,126
e62859f8-5be3-4500-911b-2423ca95f7b6,wallets,lost,True,True,True,184,126
55d72ba1-7543-4397-a664-d28e7b5cd8c1,wallets,lost,True,True,True,184,126
4506438e-a33a-474a-94f8-10fa2a2b0ff9,wallets,found,True,True,True,184,126
8be96562-4b2e-4b63-9a34-dbd7770cea21,wallets,lost,True,True,True,184,126
e45183fd-88c1-4d22-bd13-1469fa93ed76,wallets,lost,True,True,True,184,126
086576b3-40aa-48c8-9276-d013fd250365,wallets,lost,True,True,True,184,126
0420883d-9e14-49a3-b7af-f9213aec74fa,wallets,found,True,True,True,184,126
ead8f278-8e71-4c0f-af06-c296a0f5f8de,wallets,lost,True,True,True,184,126
14915fca-76d2-470c-aded-72db713f883f,wallets,found,True,True,True,184,126
f87d5505-9d85-46a2-a5d4-b00c3a5e2ef7,wallets,lost,True,True,True,184,126
c189f095-75c1-4b3c-b2f5-683ddc21bce7,wallets,found,True,True,True,184,126
262f0f7c-9e29-4534-8cd7-9dd0b395b16a,wallets,found,True,True,True,184,126
32ec1c95-c37a-42fe-8626-2943812bbcd7,wallets,lost,True,True,True,184,126
8ce86bbf-4735-443e-9a98-5575e0b55b5c,wallets,lost,True,True,True,184,126
bdf65474-ba12-499d-bc78-0681202f6190,wallets,found,True,True,True,184,126
3b346d78-7492-4b4a-96f6-b0c9d47e6eb5,wallets,lost,True,True,True,184,126
8a54df35-7d42-481c-b515-58e2f09f10b3,wallets,found,True,True,True,184,126
56eeacc1-6ac5-4dd2-99bf-8134de73ae23,wallets,found,True,True,True,184,126
74091684-4426-4ba4-ae85-756889818272,wallets,lost,True,True,True,184,126
6e7da119-5c50-401d-8a67-6865aced3c1c,wallets,found,True,True,True,184,126
398d62eb-cd40-4320-9f03-26a5a2a42f4e,wallets,lost,True,True,True,184,126
4985151f-e50a-4831-b231-fce5ac274441,wallets,found,True,True,True,184,126
ecdd9d56-b24e-4a6c-ac6f-b3f8604f4c99,wallets,found,True,True,True,184,126
56875611-1b78-428c-a930-e32e4c57c82d,wallets,lost,True,True,True,184,126
2cd93fdb-6b38-49ec-9676-f94e4d097364,wallets,lost,True,True,True,184,126
bcde4c4a-af8c-4d01-8c77-8ffd9a1b295b,wallets,found,True,True,True,184,126
b65728e4-f579-42f4-b65d-d132be4737aa,wallets,lost,True,True,True,184,126
d7c743f4-148a-4d8a-a522-7e4637da7cfa,wallets,lost,True,True,True,184,126
2d728bdc-5144-499a-a80d-93eb7b2c44df,wallets,lost,True,True,True,184,126
3e953cf6-9ccc-4ca3-9776-188f510215f7,wallets,lost,True,True,True,184,126
73f36242-091c-4b30-95a9-79e0f93e3e2e,wallets,lost,True,True,True,184,126
0e6ea29a-855f-4fec-b808-e2e831b52d99,wallets,found,True,True,True,184,126
93a66716-a0ff-4c77-abd7-05d49f1b0d99,wallets,lost,True,True,True,184,126
fc512282-90bb-48e6-a44b-e25f7c01d3b8,wallets,lost,True,True,True,184,126
5e4d0ce8-1e98-4938-9b89-2416d79ff88d,wallets,found,True,True,True,184,126
e8a736d4-367b-4ec6-a322-476606e9e0ab,wallets,lost,True,True,True,184,126
49c7729e-3103-4376-8ab7-f150163fe663,wallets,found,True,True,True,184,126
9ee7c393-b350-45ba-b22c-a5f8611cc8dd,wallets,lost,True,True,True,184,126
65156b26-f1c7-4c77-b82a-17e2f5d01384,wallets,lost,True,True,True,184,126
822070e3-ebee-49f4-8ac9-42594f183896,wallets,lost,True,True,True,184,126
b04ccf97-685b-4612-a240-264108eeb1a6,wallets,lost,True,True,True,184,126
de13d554-e085-49f1-b3cd-ff1b3236373e,wallets,found,True,True,True,184,126
fe57398e-754a-4719-a7fc-12a11e57d74d,wallets,lost,True,True,True,184,126
9c0eb9aa-7b5c-466e-baaa-1a0b6648aa14,wallets,lost,True,True,True,184,126
98ee7663-e095-4080-bc0b-3ea6477066ba,wallets,lost,True,True,True,184,126
cbcfa9d9-7764-479c-b89b-c4c715a33838,wallets,found,True,True,True,184,126
82365bf8-571a-479b-b9ff-82b743c46f30,wallets,found,True,True,True,184,126
76e4f6d7-1b41-465d-beca-6637bf582e32,wallets,lost,True,True,True,184,126
6bb51967-a3cf-48b7-b29d-a1f17de6e37d,wallets,found,True,True,True,184,126
0ed5012d-6912-4f43-85d2-4f971ecfd13d,wallets,lost,True,True,True,184,126
89cceaf0-a2f3-4086-b6d7-251ffd41d83d,wallets,found,True,True,True,184,126
9e1c2c00-c997-4118-92b8-4de89efae908,wallets,found,True,True,True,184,126
58eeb9dd-5418-4168-8e40-d2490023be00,wallets,lost,True,True,True,184,126
815c8c1b-dce9-45f4-b232-e05f0a178ed2,wallets,found,True,True,True,184,126
1beb6a7a-8e9a-4f2d-8309-1671ab3061f5,wallets,found,True,True,True,184,126
a420c672-dd29-4750-a061-2886f91bb049,wallets,lost,True,True,True,184,126
c0b66ebf-450c-4b07-af14-247d5bc3eeb9,wallets,lost,True,True,True,184,126
8ad1967c-776f-4c21-85b9-52e319869325,wallets,found,True,True,True,184,126
a8bb8e9b-ecc6-45dd-9f13-d07ce8c2ae0e,wallets,lost,True,True,True,184,126
1b847289-f96f-4153-8817-fa1510096933,wallets,lost,True,True,True,184,126
a1f3234d-1630-47ee-881b-397b72587e6b,wallets,lost,True,True,True,184,126
0f814209-9c71-40aa-8130-a535fbef1149,wallets,lost,True,True,True,184,126
22c679c3-c782-42b6-8081-ba6756181692,wallets,lost,True,True,True,184,126
25037098-7847-451b-a196-6c52f2153985,wallets,found,True,True,True,184,126
ac17fc8f-f795-42c5-bcf6-5ad4181cca52,wallets,lost,True,True,True,184,126
b978a195-41ef-446a-85a8-74c1ea4f738f,wallets,found,True,True,True,184,126
a1786816-25d5-40d5-af29-6ee8447ead86,wallets,found,True,True,True,184,126
c53cb5c3-13b6-4263-85fa-f980ef35cab3,wallets,lost,True,True,True,184,126
f34793e6-9f9c-4f3a-aeb2-b5bb28e8ef46,wallets,found,True,True,True,184,126
1b227c15-5ac2-4d00-aa15-552eb98bae9a,wallets,lost,True,True,True,184,126
4843712a-3aaf-4d10-8d2f-55d62fe4831f,wallets,found,True,True,True,184,126
07e70e72-bdeb-4d29-aaee-ca579ece527f,wallets,lost,True,True,True,184,126
1dce18c6-b333-47ba-9e13-dd03f76d6729,wallets,lost,True,True,True,184,126
cd45c8c2-1fd4-4f9c-84df-b3019e141676,wallets,found,True,True,True,184,126
759c2f3a-cad9-4850-939f-2fa0f62edd9a,wallets,lost,True,True,True,184,126
4f269299-ae35-4ea5-92dc-9d1bd78a0b7e,wallets,lost,True,True,True,184,126
e0821998-5458-4d62-9c85-c24670710622,wallets,lost,True,True,True,184,126
e708e686-87e5-4c91-b1f8-4fe51bc7a586,wallets,found,True,True,True,184,126
d4a909c9-48fb-4902-8351-a7f2c3365580,wallets,found,True,True,True,184,126
1f80b013-f7cc-4f33-ba62-16c58e07b6df,wallets,found,True,True,True,184,126
4122f225-c9c7-49fa-bf8a-6c88cba44107,wallets,lost,True,True,True,184,126
61c265da-c9b7-4cf5-81b7-161dacffc276,wallets,found,True,True,True,184,126
447aa9f8-b55e-48b2-b118-2a68802c6d06,wallets,lost,True,True,True,184,126
b5c408de-4884-4766-a6ea-86e619925dc4,wallets,found,True,True,True,184,126
95419a99-5bba-4234-8da2-c96847a6851c,wallets,lost,True,True,True,184,126
24966086-6965-45ac-ab91-4cd30a73d1d9,wallets,found,True,True,True,184,126
a0207892-6e96-4fd6-b22b-5116047271dc,wallets,lost,True,True,True,184,126
d10e1e0a-15e1-4c66-ac64-ffdeab5d0e58,wallets,found,True,True,True,184,126
68b4b462-af72-43c7-82f0-49532a1f6373,wallets,found,True,True,True,184,126
cd83f891-26d8-4561-98f6-5581629993b7,wallets,found,True,True,True,184,126
84cab38d-3f25-48cb-9145-2f19be7e27b0,wallets,found,True,True,True,184,126
e1d6fffd-c429-4621-92c9-4830a40bd9c1,wallets,lost,True,True,True,184,126
325b5b2c-d145-44c1-8e4c-cb44645d511a,wallets,lost,True,True,True,184,126
b6174e98-8f21-43b0-8046-5e23d73611cb,wallets,lost,True,True,True,184,126
3247fb11-0978-488c-a8d6-4204c4d7a28f,wallets,found,True,True,True,184,126
e13bcb61-0c61-43a6-bf9b-9f0d5def9200,wallets,found,True,True,True,184,126
202f7d2a-a89d-472e-a1f0-0eb9fb2ff066,wallets,lost,True,True,True,184,126
b6cad702-18b9-4ff3-ba7d-5d61ce4c1e4a,wallets,lost,True,True,True,184,126
82e7a5bc-b5f1-480d-ad1a-391b87354d70,wallets,found,True,True,True,184,126
73dc3261-91ab-4f97-97f9-c94a15ec631b,wallets,found,True,True,True,184,126
ce725a4a-d0c3-4a0e-a149-30373908bf89,wallets,found,True,True,True,184,126
86ea4674-8d2f-4c76-978a-c762da22749f,wallets,lost,True,True,True,184,126
981d6094-dc05-41c6-975f-6f418838463d,wallets,lost,True,True,True,184,126
711cd7aa-7ccb-4619-8151-9d743ab9dd5c,wallets,found,True,True,True,184,126
e98c2458-5297-4762-8124-8a911170d54c,wallets,found,True,True,True,184,126
14f3b3b2-02e3-46fd-bfa3-df8659e383d2,wallets,lost,True,True,True,184,126
dc487c53-ebaf-416e-b77e-2f21a595f67a,wallets,found,True,True,True,184,126
093a9f5c-e17b-44f0-8455-6c8f8e834b2d,wallets,found,True,True,True,184,126
9aa7d7b6-cf62-4b91-93d1-b20d0d231676,wallets,lost,True,True,True,184,126
2c472b92-1802-418e-8403-c5e1fbc781ea,wallets,found,True,True,True,184,126
0d2c31a2-8c5e-4ca1-862d-9ce903e263fc,wallets,lost,True,True,True,184,126
2a694673-249b-4e24-91eb-04258456f17b,wallets,lost,True,True,True,184,126
69e10fdd-f24b-43ee-b6ab-fdd9c13b95a3,wallets,found,True,True,True,184,126
1ba0d39e-356e-4640-8366-eb635d9bcf0c,wallets,lost,True,True,True,184,126
09cca0f0-01c5-4cd6-ba08-4a88de506432,wallets,lost,True,True,True,184,126
92ffd51d-9ab9-414c-82b5-37daa04198b2,wallets,lost,True,True,True,184,126
f2b1a181-e697-44af-9ee1-335d89fc9908,wallets,found,True,True,True,184,126
c2accf9f-307b-4688-95a6-6c502a245416,wallets,found,True,True,True,184,126
f3d4a3b3-31fd-41c6-99a2-1a0b677fcf82,wallets,lost,True,True,True,184,126
b49006ff-5f67-4f20-9462-615d8b367534,wallets,found,True,True,True,184,126
9cda7908-5ad1-4e82-ae22-365789d41d96,wallets,lost,True,True,True,184,126
520634e3-48c2-4b68-85a1-dcbf88242e3a,wallets,found,True,True,True,184,126
a18e8e66-2869-47a8-a4b7-7de4f74288ed,wallets,lost,True,True,True,184,126
e2fee981-588b-459a-9572-8abb06d067d0,wallets,lost,True,True,True,184,126
6422e76f-8adc-4159-b724-52606c2b7117,wallets,lost,True,True,True,184,126
24ce2db5-dac3-498a-86aa-da6f51000b29,wallets,lost,True,True,True,184,126
c1a10608-41e6-4d22-9ab3-2e7db2cb60f9,wallets,found,True,True,True,184,126
2b6d1434-1863-404e-8b3d-c4a4223e292e,wallets,found,True,True,True,184,126
8a3ab2f8-709d-4fd3-8d8e-4efa52235f3f,wallets,lost,True,True,True,184,126
36fa43fb-8ddc-4191-986f-68daf343b50f,wallets,lost,True,True,True,184,126
fb4c0aee-19eb-4942-88e4-ae99a604f510,wallets,lost,True,True,True,184,126
2a9708f9-d1c7-4ff9-a613-07c2cee71846,wallets,lost,True,True,True,184,126
ff16bb41-059c-412c-b7fd-73f77eaf1f19,wallets,found,True,True,True,184,126
61d860de-0c9c-4005-bb39-40ae5aafa211,wallets,lost,True,True,True,184,126
a6f49a38-dd50-4fa9-a78c-87d1bf930993,wallets,found,True,True,True,184,126
65df7998-34f8-47d7-adb1-3da312e4151b,wallets,lost,True,True,True,184,126
3b2121af-58f1-48d7-b9b9-bca351ce75ac,wallets,lost,True,True,True,184,126
3f41e2dc-98ee-4cf7-8254-e195485d2a45,wallets,found,True,True,True,184,126
eaa85dbe-515a-4e9f-b655-44db79124a82,wallets,found,True,True,True,184,126
4bb2f828-9cec-40c0-9b51-9d1cbe6faf8f,wallets,found,True,True,True,184,126
c2ed6606-af20-47b5-be9d-b27e9f70684e,wallets,found,True,True,True,184,126
82e49e5c-7a02-4dcf-b5ea-360201bc326b,wallets,lost,True,True,True,184,126
0cebdc5a-a7d6-4034-bae6-0484da0695be,wallets,found,True,True,True,184,126
3b454161-943f-46a3-903e-3f53accf431f,wallets,lost,True,True,True,184,126
f1b98842-f007-4e87-aa2b-23df7c0b7e62,wallets,lost,True,True,True,184,126
a4137fd2-ba53-46fc-85f9-fe27a670f8b7,wallets,found,True,True,True,184,126
57a37b18-0efa-492e-ac99-af93494ee53a,wallets,found,True,True,True,184,126
50b62839-0673-431f-a025-c4fa1d639bff,wallets,lost,True,True,True,184,126
66961555-86d4-479f-b21c-276949cb2dff,wallets,found,True,True,True,184,126
13235177-815a-4d1b-b104-812c79239626,wallets,found,True,True,True,184,126
486ebe3e-1f03-4c31-b612-0650e54a9b4b,wallets,lost,True,True,True,184,126
f363dcfa-5014-4428-86ae-da3314704319,wallets,found,True,True,True,184,126
59759206-cdc9-4867-bfb2-8586423d6fce,wallets,lost,True,True,True,184,126
9cb6a8fb-51b4-410b-a12a-c1065abbf84e,wallets,lost,True,True,True,184,126
795918c2-cee2-4bba-b2f6-97b53e8407db,wallets,lost,True,True,True,184,126
081b9737-5871-45aa-a292-e561e21ae1e1,wallets,lost,True,True,True,184,126
f759f24e-758f-49d4-922c-133cc46fc0e4,wallets,found,True,True,True,184,126
ee654366-a055-469c-8c37-f44b2c62ecd6,wallets,found,True,True,True,184,126
e9bda7cf-ceed-4f2e-89e7-b40f97a6f845,wallets,lost,True,True,True,184,126
cf3a78f2-837e-4236-88eb-8468b16faf72,wallets,found,True,True,True,184,126
a31bf046-cfe4-4969-b129-2008bed2d0ea,wallets,found,True,True,True,184,126
9e870382-0adb-4108-9862-798afc20ab55,wallets,lost,True,True,True,184,126
fd8e94d9-c8c3-412b-8cc7-aa86b93d111c,wallets,found,True,True,True,184,126
3b375712-13af-4474-9102-dfeb142e5caf,wallets,lost,True,True,True,184,126
bf2077d9-3383-4cfa-a47a-5511b624e46e,wallets,lost,True,True,True,184,126
25df422d-32da-4d1f-bf03-53a9d602cf5e,wallets,lost,True,True,True,184,126
108f34bc-ec8a-48c4-a910-37927490879b,wallets,found,True,True,True,184,126
66f51abd-d142-4d9b-95b9-82c3e09c963f,wallets,lost,True,True,True,184,126
870397da-168d-420b-935d-10ff5bade8a9,wallets,lost,True,True,True,184,126
fdcbe965-d075-462e-8e8e-ede1de7c19a2,wallets,found,True,True,True,184,126
28bee7e5-92aa-4070-a45c-c9bea010f099,wallets,found,True,True,True,184,126
30fa172a-f5e2-4e11-bc74-86b8da79f2ac,wallets,found,True,True,True,184,126
72772132-f7fe-4aa5-a1d2-27e02e723f88,wallets,found,True,True,True,184,126
cec57692-2f37-4fff-a081-a91693ecadb7,wallets,found,True,True,True,184,126
96531dad-12af-4db0-aceb-23191bc9a75b,wallets,found,True,True,True,184,126
72c5fc39-1507-4b28-8f2c-a1229dfa435d,wallets,found,True,True,True,184,126
379e8b6b-11ce-4eca-96bf-a365dc734a3a,wallets,found,True,True,True,184,126
fc324a57-c65b-4c96-b054-ed3bb5f7f25d,wallets,lost,True,True,True,184,126
077e69d1-37b0-4f4b-8b57-891708024b46,wallets,lost,True,True,True,184,126
d43081f4-abc0-48bf-93b2-f40e07f5180d,wallets,lost,True,True,True,184,126
61f7d6af-7e70-47fc-ae53-7bfbb8b1b9c6,wallets,found,True,True,True,184,126
5cb16010-7a00-42f3-8b42-284cd58aac65,wallets,lost,True,True,True,184,126
badd4d32-3767-454c-bf11-b54faaa52cd9,wallets,found,True,True,True,184,126
f0c52780-2a0c-4f2b-8e84-7954c8b8bb7b,wallets,found,True,True,True,184,126
e26cbab3-e801-456a-bcfd-da159715467b,wallets,lost,True,True,True,184,126
1ec75fde-d8cb-4a50-9ead-deb441290a3d,wallets,found,True,True,True,184,126
979288be-0f39-423a-8388-da3f1c4c6cc2,wallets,found,True,True,True,184,126
ad632061-e0c0-4ec0-ac03-d194ebbb45af,wallets,found,True,True,True,184,126
aa6f0903-17b6-4ec0-94a4-e97c36c1ef90,wallets,lost,True,True,True,184,126
ebada094-d109-487b-ae7e-fee1326b0be3,wallets,lost,True,True,True,184,126
4fea062f-9383-43c7-8f64-81ba07cb07a5,wallets,lost,True,True,True,184,126
bd820470-5a99-423d-b037-1c598256b824,wallets,found,True,True,True,184,126
4c545926-9547-425a-b451-57f8600c3d4c,wallets,lost,True,True,True,184,126
66043206-f74d-4e56-badc-d7b301014de1,wallets,found,True,True,True,184,126
bf0ef515-4f78-41a8-845d-bbd191b06f1f,wallets,lost,True,True,True,184,126
1c4bbfbe-57b4-4996-82dd-d587e4d7124a,wallets,found,True,True,True,184,126
e4c1b937-0317-4c87-ac7c-d2dcb0957f88,wallets,found,True,True,True,184,126
dc5cc3a5-8346-47de-8a41-67838f679942,wallets,found,True,True,True,184,126
162e1bce-3544-412d-acc4-5225310f9f27,wallets,lost,True,True,True,184,126
ac8d1062-de72-4e91-a86d-90adc410601e,water_bottles,found,True,True,True,184,126
9df3ffcf-f5b9-4d2f-b9b4-848d2ee57871,water_bottles,found,True,True,True,184,126
22e6c4a0-4f7e-41df-9fc4-0e78cb617ecc,water_bottles,found,True,True,True,184,126
41d668d2-9d24-4d0f-8f64-16c4ca79d0f0,water_bottles,found,True,True,True,184,126
f4743749-6a7b-4469-b843-2f4f9cd124d2,water_bottles,found,True,True,True,184,126
d3c7f85c-28bd-47a2-8077-229c63ef66bb,water_bottles,lost,True,True,True,184,126
33adb65d-51bb-4987-8b9c-b417fa0652a3,water_bottles,lost,True,True,True,184,126
da86d0e9-55c5-4c87-9620-2db1ba10f1a8,water_bottles,lost,True,True,True,184,126
701e30b1-29a3-4328-ab96-787e2d91d483,water_bottles,found,True,True,True,184,126
e67e82db-725f-493e-ac83-071c2055b20c,water_bottles,lost,True,True,True,184,126
a6a0637c-d27c-4bd4-98d5-0881d711d86e,water_bottles,lost,True,True,True,184,126
bb3866d5-4d0d-4a2e-9793-ae729a2d06bf,water_bottles,lost,True,True,True,184,126
d3f391b3-6985-4ee3-be5b-4efeaf11db90,water_bottles,lost,True,True,True,184,126
d7bd13d6-1eb7-4f71-b5e1-3a0e67f4ce84,water_bottles,found,True,True,True,184,126
b28bb8a3-4540-4e17-b052-d02e77eac1b7,water_bottles,found,True,True,True,184,126
585994db-508b-4cd8-9f94-9201ac00c7d2,water_bottles,lost,True,True,True,184,126
d07a0dba-d1ba-42ca-b0ac-862735db2ea9,water_bottles,lost,True,True,True,184,126
5c4b82c6-2de0-4e9f-82dd-9a8532eb25aa,water_bottles,lost,True,True,True,184,126
eee912cc-7f4a-4e2f-8e32-be67ad39af81,water_bottles,found,True,True,True,184,126
fc11020c-5b7b-478b-9c8f-a9227189d78a,water_bottles,found,True,True,True,184,126
9b740514-69d5-4195-a71b-ba6f38ce9c22,water_bottles,found,True,True,True,184,126
ee26bbce-94ac-449e-b63a-d58e8e4cbdd1,water_bottles,found,True,True,True,184,126
ab9cc424-7399-462d-84f2-8084cd49b15c,water_bottles,lost,True,True,True,184,126
ba62c601-f866-42b8-a502-d5016a914f9a,water_bottles,lost,True,True,True,184,126
bf397763-5f6e-4da7-abcc-833e15607d1c,water_bottles,lost,True,True,True,184,126
462994c8-372f-4b86-a55e-b4b5479643f2,water_bottles,lost,True,True,True,184,126
13378367-d3ba-4fb1-bbf0-bcb3dce8ee1a,water_bottles,found,True,True,True,184,126
56ff5f1a-8c9c-485e-95c1-74119032adee,water_bottles,found,True,True,True,184,126
33be38df-064b-4699-aff8-e34188aa7d5d,water_bottles,found,True,True,True,184,126
a3b53cb5-556a-44de-ba63-a1358fa69922,water_bottles,found,True,True,True,184,126
6033ce0e-cd60-4901-b8e6-9067fc27b80b,water_bottles,lost,True,True,True,184,126
69182072-3383-48f9-a289-7a8f644fd4f4,water_bottles,found,True,True,True,184,126
ebb2f022-3ac8-4970-9934-d6df88078740,water_bottles,found,True,True,True,184,126
b360dd1c-e8d6-4988-b22b-4f30ffd98ab3,water_bottles,found,True,True,True,184,126
09605986-f21e-47cb-8ded-178a40b6eeaf,water_bottles,found,True,True,True,184,126
d2649732-5b77-4272-a49b-f2ec4b865ae0,water_bottles,lost,True,True,True,184,126
0209d8c6-c98d-44f6-8b09-50e6d71c06a0,water_bottles,found,True,True,True,184,126
68e55dbe-0e78-4711-95a9-801985a557a3,water_bottles,lost,True,True,True,184,126
60ee9cd5-1485-448e-9f46-20876ea73de6,water_bottles,lost,True,True,True,184,126
b5d91910-2613-41f7-b91b-03674d1ca6db,water_bottles,lost,True,True,True,184,126
7eee2807-1c01-4df1-b1d7-25136c03ba27,water_bottles,found,True,True,True,184,126
b51adb73-121d-447d-b050-bb288eb2a99a,water_bottles,lost,True,True,True,184,126
465722c7-cc4f-4052-9612-d4fe1a75f21a,water_bottles,lost,True,True,True,184,126
68b3c5f2-5df7-490c-ad19-45f1e2f9c876,water_bottles,lost,True,True,True,184,126
1e96c056-960e-4e0f-b09e-78c5d171f829,water_bottles,found,True,True,True,184,126
321b3dce-afa6-48d5-805c-da7a234c6a5b,water_bottles,found,True,True,True,184,126
19c26aa5-5da8-4ccd-b4cc-b405f124a4a5,water_bottles,lost,True,True,True,184,126
74379300-f962-47d1-b335-eec35126c71f,water_bottles,lost,True,True,True,184,126
e6241174-1705-4e8b-92aa-47dea14dbf63,water_bottles,lost,True,True,True,184,126
e45a78de-d2fa-4615-923a-461aa187ec9d,water_bottles,lost,True,True,True,184,126
d7a52b7a-b08e-4a13-bfa8-6e440ec7bada,water_bottles,found,True,True,True,184,126
faba8359-7d3b-4614-bdc2-6f1211232dcf,water_bottles,found,True,True,True,184,126
8391b172-04f5-4508-9ab1-d06dc322614f,water_bottles,found,True,True,True,184,126
6dccf4af-5386-4b16-a3d7-a1d124dff490,water_bottles,lost,True,True,True,184,126
789a7929-8ee9-4064-b45c-945c047fd28f,water_bottles,lost,True,True,True,184,126
3e333f03-b4f7-40aa-b623-8fd954624bd9,water_bottles,lost,True,True,True,184,126
9da62f01-46f6-4420-a7ba-5b746f4b7b48,water_bottles,lost,True,True,True,184,126
cef51389-b1ab-4867-aad2-2c8c6a1638cf,water_bottles,lost,True,True,True,184,126
e7b44e3a-d6e1-4355-8138-eb9bb2108f24,water_bottles,found,True,True,True,184,126
e08df072-8bf1-4a8c-b2e2-6807355b982f,water_bottles,found,True,True,True,184,126
c9a88d60-3d7b-451d-b8a7-ef4c07358483,water_bottles,lost,True,True,True,184,126
f8db9150-60d4-4de7-be5c-13f660987b8c,water_bottles,lost,True,True,True,184,126
0eb5ede9-98d3-4f1c-bcd9-e418bd90c419,water_bottles,found,True,True,True,184,126
35d34d9c-bd0a-43dd-9fdb-f5d8bf4f0fb6,water_bottles,found,True,True,True,184,126
8a121dc1-7cab-4efe-becb-0777192e49d6,water_bottles,found,True,True,True,184,126
c92f8fcd-007c-4b52-ac5f-997230712084,water_bottles,found,True,True,True,184,126
c2ba98ed-eca6-4ec5-95df-4b5abca9d924,water_bottles,lost,True,True,True,184,126
587bfd84-7c56-4251-94f5-9c322b183947,water_bottles,lost,True,True,True,184,126
53097f60-3eff-4486-aeae-47a939f5e791,water_bottles,lost,True,True,True,184,126
2e52a2de-7bf3-4325-9d77-91421a2ffafd,water_bottles,found,True,True,True,184,126
983bc87d-37f9-4579-abc3-6d05d1ade329,water_bottles,lost,True,True,True,184,126
8dea8a1b-edfc-4c1e-a9ed-47e43ca1fd62,water_bottles,lost,True,True,True,184,126
9802489d-a622-4690-a4b4-8cc173406fdb,water_bottles,lost,True,True,True,184,126
d71660c8-86be-46e4-b106-4a77ec63a452,water_bottles,lost,True,True,True,184,126
d92d5ee1-1068-4de9-ae74-f7ea38770bf4,water_bottles,found,True,True,True,184,126
69f17241-6a81-41a2-a21a-51ed217313c9,water_bottles,lost,True,True,True,184,126
721a0838-cf16-494f-a868-75ae50e7fa5a,water_bottles,lost,True,True,True,184,126
1085559e-d4a1-4eb7-ab4b-39c0156d3d4f,water_bottles,found,True,True,True,184,126
8d11f7ed-710f-4c71-90eb-79ca4ef872c2,water_bottles,lost,True,True,True,184,126
568cae85-ee7e-4558-86b5-9f8d227bfc8e,water_bottles,found,True,True,True,184,126
44fda926-4d22-4826-8939-7d4ef61bb1ab,water_bottles,found,True,True,True,184,126
b5bf5763-3ef7-4784-8b79-8be67b9b566a,water_bottles,found,True,True,True,184,126
3d43b337-663e-455d-a9da-0fd2ded6782f,water_bottles,lost,True,True,True,184,126
aae34b1d-05f8-4e42-93d8-856ff4089ec0,water_bottles,lost,True,True,True,184,126
260012ac-5bd6-4eae-b9bc-96f7e58f9d97,water_bottles,found,True,True,True,184,126
37137f1f-224b-4301-b289-10acda5cc10c,water_bottles,lost,True,True,True,184,126
73f0376c-f6ff-4495-ab9c-33254ae04f97,water_bottles,lost,True,True,True,184,126
8ad5262e-f295-4c95-b1f4-7cac67c70b23,water_bottles,lost,True,True,True,184,126
16757801-dd9c-4069-a3c0-73ae957822d0,water_bottles,found,True,True,True,184,126
6f320ab3-f1b1-4700-ba59-dd068fd9e14f,water_bottles,lost,True,True,True,184,126
532b92df-c942-4cad-a15e-16cbf59b646e,water_bottles,lost,True,True,True,184,126
b89f3424-3663-46bc-9d93-7ede7b3e5b4c,water_bottles,lost,True,True,True,184,126
0dce2285-75d9-4cf5-a878-e6da7bf16eb9,water_bottles,lost,True,True,True,184,126
7c2b5305-1c6e-490d-bdd8-79a13060d789,water_bottles,lost,True,True,True,184,126
31b033ef-1ada-45f7-aeb0-c8b548fb5063,water_bottles,found,True,True,True,184,126
488b77b6-1b4d-441e-b62e-44a986e246e2,water_bottles,found,True,True,True,184,126
26c6da2b-8ff2-4d3d-a1e5-7dd6e2c293f3,water_bottles,lost,True,True,True,184,126
baf4f58d-bf12-4c17-8df1-258c9502725d,water_bottles,found,True,True,True,184,126
0758dd12-9477-489f-8efc-81ecf75a19be,water_bottles,found,True,True,True,184,126
b4cb68d0-c710-45ab-bcde-3aa2348ce45b,water_bottles,lost,True,True,True,184,126
26ab3269-4046-4be1-9a41-8ba709f64ca8,water_bottles,lost,True,True,True,184,126
5cc83920-92e9-43e8-a3e8-1ed4e8b9add8,water_bottles,lost,True,True,True,184,126
d87b333b-b061-48d5-82f6-d7a373268fc7,water_bottles,lost,True,True,True,184,126
ae58ea92-a833-4852-bb63-75e5e411a5fc,water_bottles,found,True,True,True,184,126
f3304ff5-72f0-471a-8776-a9b4c2b05526,water_bottles,lost,True,True,True,184,126
c70dd0a4-9418-4c3c-b51b-4ad93dfdb4db,water_bottles,lost,True,True,True,184,126
21dbeb56-c559-4ff7-81fe-bdf1f6f4f90d,water_bottles,lost,True,True,True,184,126
0849b1de-0526-45c8-8d6b-82f5aac5e7f0,water_bottles,lost,True,True,True,184,126
4b1518b9-8fd1-4c2f-a2bf-0df3ffac34cc,water_bottles,lost,True,True,True,184,126
7e0d66f4-6c23-470e-84d7-66d0d07cf9ab,water_bottles,lost,True,True,True,184,126
51c2841c-a47f-4729-87ad-846712845d26,water_bottles,lost,True,True,True,184,126
4edc274f-0a7b-4781-b615-d3b88902840d,water_bottles,lost,True,True,True,184,126
dfef2916-eec8-4b74-baa1-382151bfb2a4,water_bottles,lost,True,True,True,184,126
dd4832bb-47ff-493b-aefe-fd3e945f301e,water_bottles,lost,True,True,True,184,126
37f17b36-b7ad-4476-8522-356d4c9d35f9,water_bottles,lost,True,True,True,184,126
170f4748-c6b3-45f7-9204-9f248622ee7a,water_bottles,found,True,True,True,184,126
9134cc6c-b31c-494c-8932-0047375b707e,water_bottles,found,True,True,True,184,126
7ffa5a1c-a2a0-4844-938a-59bba484bfde,water_bottles,lost,True,True,True,184,126
fd0133b3-b95e-4eb5-9599-b0aa3c8280b7,water_bottles,lost,True,True,True,184,126
25ea60af-69cd-40bf-8a47-bb66ba8ac733,water_bottles,found,True,True,True,184,126
ff977831-9d55-476a-b9d1-732929ee1952,water_bottles,found,True,True,True,184,126
99665530-ea43-49f5-a677-c74d4ea2afbd,water_bottles,lost,True,True,True,184,126
e1c0270b-bbb9-4e25-b584-2887b4641d0e,water_bottles,lost,True,True,True,184,126
914d47f6-dd26-4588-9103-7cfe6eaea20c,water_bottles,lost,True,True,True,184,126
5632b902-09f1-486f-ae1d-ecc188dede6e,water_bottles,lost,True,True,True,184,126
5fdf8cbf-08dc-4a4d-a070-c8d6892b3ebe,water_bottles,found,True,True,True,184,126
9d0a25b7-1810-4218-b52a-323a49e25015,water_bottles,lost,True,True,True,184,126
db5ce623-80f1-4396-bab1-abe9f9eb7775,water_bottles,found,True,True,True,184,126
ca233f99-2dd6-480c-ae13-7b6b64d7e0c9,water_bottles,found,True,True,True,184,126
3077288a-605e-489b-a3dc-ce008e15243c,water_bottles,lost,True,True,True,184,126
48874c8c-1731-4ca6-82b5-fcaf0c470397,water_bottles,found,True,True,True,184,126
222c12fe-dc2c-4da6-853e-a603bbb2a16b,water_bottles,found,True,True,True,184,126
52c3fa15-d7db-4225-8889-44859f7f1d8f,water_bottles,lost,True,True,True,184,126
b43acaaa-6770-4950-a58c-01d7175d1703,water_bottles,lost,True,True,True,184,126
658f836e-d429-46d3-a419-08b253654272,water_bottles,found,True,True,True,184,126
3f91d0f9-0306-4ffb-8fdf-c2c4e2b864a2,water_bottles,found,True,True,True,184,126
105fe1d5-53f7-479b-bb52-234a7fcf2ec9,water_bottles,lost,True,True,True,184,126
9a3d199e-1242-4be2-ac2c-417bb4e48f00,water_bottles,found,True,True,True,184,126
47477a81-4e16-47ff-a2aa-ee41b755f566,water_bottles,found,True,True,True,184,126
30aa4dc6-0b55-4788-973f-128f65d84e02,water_bottles,lost,True,True,True,184,126
b0e7b1b6-cfff-42d9-bd71-de8dd6b123d3,water_bottles,lost,True,True,True,184,126
48de5de5-df38-4653-971d-29989de6eafa,water_bottles,found,True,True,True,184,126
31c7098d-62be-430e-b099-aa0cf2fa22c6,water_bottles,lost,True,True,True,184,126
60ce59ab-4df1-42a1-b3fa-fee7ebff72b6,water_bottles,found,True,True,True,184,126
0caf0d3f-443f-443d-ad03-5f9b67ac2c36,water_bottles,lost,True,True,True,184,126
5a6b553a-2d53-4c73-8eb6-31b80616cd66,water_bottles,found,True,True,True,184,126
23b707da-0e4d-4c75-8771-74e544ead691,water_bottles,found,True,True,True,184,126
3e040d67-017d-46dc-a2b6-f7b29e019a7a,water_bottles,found,True,True,True,184,126
4532fc28-e72e-4223-a949-8a151f63d8b8,water_bottles,found,True,True,True,184,126
b0e1526e-e8ad-4e07-a400-3274d3dd31fa,water_bottles,found,True,True,True,184,126
ed0cb558-4d19-4b54-9b42-6a715f6701d9,water_bottles,found,True,True,True,184,126
dfb42ee4-0a88-496d-b856-62c3194de693,water_bottles,lost,True,True,True,184,126
f74d3659-0d32-498c-85e8-ec511325c5bf,water_bottles,found,True,True,True,184,126
44f484c8-f0e2-4f3c-a81e-f7819ab4b79e,water_bottles,found,True,True,True,184,126
b095127d-5114-4600-9bc5-68daae217122,water_bottles,lost,True,True,True,184,126
96ffa77b-df2c-40cd-835c-a7b39861d5eb,water_bottles,lost,True,True,True,184,126
40f41694-49ef-4f70-8e1b-eec98219bb6e,water_bottles,found,True,True,True,184,126
d181bf40-61d4-41a6-ae5f-1b042fa6f0f1,water_bottles,lost,True,True,True,184,126
e16aaa11-c6a3-43dd-bca0-5168fa45b129,water_bottles,found,True,True,True,184,126
a9f1f6ac-a683-4b40-9446-7e55235fb1e6,water_bottles,lost,True,True,True,184,126
510f57ad-6b16-4059-9c0d-7832fd75170b,water_bottles,found,True,True,True,184,126
362abb86-6b02-4c10-8972-886c72bd8c0e,water_bottles,found,True,True,True,184,126
50a7a2e8-2c84-4871-ad1e-5cbe219d0bee,water_bottles,lost,True,True,True,184,126
ede250d6-e1e3-4c9d-85c2-683fa12361cb,water_bottles,lost,True,True,True,184,126
1af81cf6-b79b-4ed8-8165-93fcec6cfebf,water_bottles,lost,True,True,True,184,126
baccff15-bf82-4277-be2a-3cbc34c3f8a0,water_bottles,lost,True,True,True,184,126
d456c3db-cc10-4c85-a5a3-0d6523d8b34c,water_bottles,lost,True,True,True,184,126
330ab787-ebb3-4e14-bffb-f4202384bf6e,water_bottles,lost,True,True,True,184,126
285a20df-9b54-4090-a811-796cd2e3f74d,water_bottles,found,True,True,True,184,126
1462e497-f063-43c6-871d-bcc5da73386f,water_bottles,found,True,True,True,184,126
82285135-7101-4869-b1ee-4ddfd37d5c27,water_bottles,lost,True,True,True,184,126
185906d6-1bd4-492a-be0e-5a2264bd6a65,water_bottles,found,True,True,True,184,126
b6b8404f-7016-4c37-ba40-2311562c757b,water_bottles,lost,True,True,True,184,126
409b75ef-e095-4008-b658-8de018ac91eb,water_bottles,found,True,True,True,184,126
458d1b03-4f50-4497-899b-be8ee7763f66,water_bottles,found,True,True,True,184,126
39777095-8efa-472f-b6ed-66cf78fdb7a2,water_bottles,found,True,True,True,184,126
165193c5-3776-4f72-8098-6d9f3abef6c3,water_bottles,found,True,True,True,184,126
8be968ba-815b-429a-b90c-b276522e7eef,water_bottles,found,True,True,True,184,126
9a9f29ad-4ae9-4d7c-8c16-f1a8f05431af,water_bottles,found,True,True,True,184,126
8101a4cb-2d5a-405f-b689-9ccbb0b1a132,water_bottles,found,True,True,True,184,126
5a81e9ed-dc60-4b4d-8157-8772ccbe1540,water_bottles,lost,True,True,True,184,126
5d671e16-3775-4969-921a-2e5713c642cb,water_bottles,lost,True,True,True,184,126
01cb9dff-bc66-4283-a348-ef7fdd3d95ff,water_bottles,lost,True,True,True,184,126
631dff66-4f16-4c84-a422-e2a63838516d,water_bottles,lost,True,True,True,184,126
fc378d0f-415e-4b90-ac25-9eb0f6500c90,water_bottles,found,True,True,True,184,126
62b2a31c-4232-428f-ae21-1bbcee3d149a,water_bottles,lost,True,True,True,184,126
cf5f81bf-7cf4-4e11-b6a2-752ce2a7d24c,water_bottles,found,True,True,True,184,126
03db5e4d-534e-422d-af34-48f8e3758afe,water_bottles,found,True,True,True,184,126
f073eea8-95f8-412a-b4c3-03a4f3b0c079,water_bottles,found,True,True,True,184,126
2f0177ee-f599-480c-abe5-88e1182c0983,water_bottles,found,True,True,True,184,126
00c6539c-8172-4960-a556-17bce7144913,water_bottles,lost,True,True,True,184,126
9c0b6d78-18e5-4040-9d1b-cb2ab9667aa6,water_bottles,lost,True,True,True,184,126
2ccc91ff-45fd-4f87-b9ff-39579cf94d40,water_bottles,found,True,True,True,184,126
2719c315-34dc-4ce6-8446-dc081c7a03cc,water_bottles,lost,True,True,True,184,126
8da5f9be-5877-4c8f-9bf2-bea2e495e8ac,water_bottles,lost,True,True,True,184,126
c3a6aeee-db7a-4cca-8c90-a072bbc0944f,water_bottles,lost,True,True,True,184,126
1b57f919-5a06-4796-81d8-914fa8695f92,water_bottles,lost,True,True,True,184,126
d8f5b9a2-1930-4ca9-acf2-20af883c26c0,water_bottles,lost,True,True,True,184,126
c20ce72d-519c-429a-8f35-09fd27d7bd3f,water_bottles,lost,True,True,True,184,126
844b9efd-8092-41e7-bc7f-46baecdfbf8c,water_bottles,lost,True,True,True,184,126
7d1a6a65-b134-455f-a814-a495556aa2c3,water_bottles,lost,True,True,True,184,126
e744423d-5578-43fb-8b96-5d10f64dec81,water_bottles,found,True,True,True,184,126
dd3e9897-5149-418c-922b-1ea210276896,water_bottles,found,True,True,True,184,126
17d9c1a8-ba94-4acb-9084-63b626b9b49c,water_bottles,lost,True,True,True,184,126
39463144-0fcf-48ac-9530-a607cf0f8620,water_bottles,found,True,True,True,184,126
5d44acaa-ed9b-40ed-a754-3a2a53357045,water_bottles,found,True,True,True,184,126
d96d351b-9e3e-48ff-baad-541c199ffd12,water_bottles,found,True,True,True,184,126
2deb9011-ba6a-4e7d-8fe9-c05d17b4b31d,water_bottles,lost,True,True,True,184,126
a293b0d6-397a-4b36-a505-ee64c92511fd,water_bottles,found,True,True,True,184,126
993b4d27-6852-4585-b2df-4d1c22c8f22f,water_bottles,lost,True,True,True,184,126
0fd57aac-0298-4580-a0a9-f4bbf078b7c3,water_bottles,lost,True,True,True,184,126
977002f8-44e2-473e-8eb3-567b04278b6e,water_bottles,lost,True,True,True,184,126
e603b7ba-28dc-4f43-9cc5-7e412b1da567,water_bottles,found,True,True,True,184,126
e0cd7097-e6ae-4258-b09f-369401ef6fd2,water_bottles,found,True,True,True,184,126
963dc3fb-855e-4196-b7ae-ebdcc210fcbc,water_bottles,found,True,True,True,184,126
afbcff67-68c5-4e27-8aa6-de3896f59549,water_bottles,lost,True,True,True,184,126
616b1c6e-89f1-4cd5-8605-690bea847348,water_bottles,found,True,True,True,184,126
fe7665a6-2369-4077-8b1a-1272f350caed,water_bottles,found,True,True,True,184,126
04737505-8eae-4abc-95b0-18b285b7a894,water_bottles,lost,True,True,True,184,126
8da9658b-d7f6-4a43-b4c3-48ce1b363471,water_bottles,lost,True,True,True,184,126
377f10b8-5f21-4823-af06-3f080a35a9a4,water_bottles,lost,True,True,True,184,126
9a5abd74-44d4-4961-afe8-574ae26fca04,water_bottles,found,True,True,True,184,126
a741c2de-d560-4333-bcc5-d1f1fbdda0e7,water_bottles,found,True,True,True,184,126
c685e8a8-a7cf-42a0-91dd-1583f136805f,water_bottles,found,True,True,True,184,126
bd49fd3d-3394-4df6-83a0-ac429b876920,water_bottles,lost,True,True,True,184,126
be47d3a5-f961-4b85-a3f8-61b57fd640fc,water_bottles,lost,True,True,True,184,126
132af541-3ccf-4b97-b62a-9802deb9adb0,water_bottles,found,True,True,True,184,126
53789c43-ec4d-401c-b978-e10e29043f6e,water_bottles,lost,True,True,True,184,126
976ebe2c-5e94-41d7-8baa-f351eb69ef37,water_bottles,lost,True,True,True,184,126
029ca629-1f7e-47e5-bb75-253e5454f9c5,water_bottles,found,True,True,True,184,126
8ad948f2-b4f9-4ac0-b2c8-5a6519624100,water_bottles,found,True,True,True,184,126
e2ae914d-c6ea-4ba0-bccb-3545aee6ca54,water_bottles,lost,True,True,True,184,126
31fc31c5-a650-4d20-abd2-52be303eb1f1,water_bottles,lost,True,True,True,184,126
5c31277c-2917-4601-8e77-eb81b294cbad,water_bottles,lost,True,True,True,184,126
590d5448-26d5-45a2-885a-2f35beb0d893,water_bottles,found,True,True,True,184,126
7581a68b-9cbe-4f61-8011-4c3fcc9c182b,water_bottles,found,True,True,True,184,126
1e01822a-743c-4b06-8509-e08328f635ec,water_bottles,lost,True,True,True,184,126
7c0ceed5-84dd-42bb-96fd-6c6a2356884c,water_bottles,found,True,True,True,184,126
af98db6b-2eca-4ac1-9e92-bb1c586c6060,water_bottles,found,True,True,True,184,126
59734235-6c3a-4b02-aaa9-babe37e17038,water_bottles,found,True,True,True,184,126
a8910384-5755-414d-8b40-4de3f141afda,water_bottles,lost,True,True,True,184,126
ffc10faa-a89b-4fd6-ad83-4e63530fc1aa,water_bottles,found,True,True,True,184,126
48226c58-e2b8-42b0-8ef3-6230ef106eb3,water_bottles,found,True,True,True,184,126
b69b84c5-fc7e-4ff6-abae-88ab05151cc0,water_bottles,lost,True,True,True,184,126
2c7cedfa-0c2b-4102-874f-d6fe9e2a987f,water_bottles,lost,True,True,True,184,126
9d23c728-3197-417e-a413-8260ee72cd22,water_bottles,found,True,True,True,184,126
cd25538a-8d5e-4b63-ac55-589cae16f6f8,water_bottles,found,True,True,True,184,126
181beb82-517d-4368-9e82-6a243e2cbfa1,water_bottles,found,True,True,True,184,126
6860dbe1-cf0a-4214-ab56-5363463b8ff5,water_bottles,lost,True,True,True,184,126
748e0375-02e1-41d8-8b9a-044098c4ce76,water_bottles,lost,True,True,True,184,126
cc6fd233-3b40-4654-99c2-e16fd4c377f7,water_bottles,found,True,True,True,184,126
2da0f639-e4d4-40f3-97af-f0990bc4e779,water_bottles,lost,True,True,True,184,126
bd48459e-8afb-4514-aa93-c172536733ad,water_bottles,lost,True,True,True,184,126
ca221218-67ba-43e9-a2fb-4dd094e8dc53,water_bottles,lost,True,True,True,184,126
f25fa815-9ef2-4370-acec-348bc9b92fb4,water_bottles,lost,True,True,True,184,126
d0872ff1-10c5-4356-89b1-ea1de5b47347,water_bottles,found,True,True,True,184,126
fdb2be60-be75-48a2-92d0-0509ba9f43c1,water_bottles,found,True,True,True,184,126
06b959c4-a501-4a4a-9f66-77f3e6d62b27,water_bottles,lost,True,True,True,184,126
10c0e97c-07ee-42d3-bc88-7b18c0135219,water_bottles,lost,True,True,True,184,126
ded1f6c4-aa10-49f4-9f71-52ee68544525,water_bottles,found,True,True,True,184,126
5dd02479-ed29-440a-93c0-9ad63e55e69a,water_bottles,found,True,True,True,184,126
0772d9f4-2954-47bb-a84b-1e2c6a19bf2d,water_bottles,lost,True,True,True,184,126
0c2e134a-783a-4e10-b2dd-25e080e53476,water_bottles,lost,True,True,True,184,126
d379e2e2-4072-4cba-8caa-29e7fc581a6e,water_bottles,lost,True,True,True,184,126
73367897-4d98-43fe-9b60-41036ed05812,water_bottles,lost,True,True,True,184,126
379ddf19-fd8a-45ff-ae2a-ac98760644c3,water_bottles,lost,True,True,True,184,126
e08739cd-e74b-4530-bef3-55bf41b4d1c5,water_bottles,found,True,True,True,184,126
96b47fc9-d000-4820-9acf-ca48dedfcad9,water_bottles,lost,True,True,True,184,126
a84763af-50c7-49fd-9134-9c5216fb5fc5,water_bottles,found,True,True,True,184,126
87e9b5f7-d1df-4222-82d6-7b71b4934678,water_bottles,lost,True,True,True,184,126
dbb7dc7b-f9c0-492d-a22f-9710a8c12bf8,water_bottles,lost,True,True,True,184,126
cd273cc6-f693-4ace-8034-c6e4cb3af02b,water_bottles,lost,True,True,True,184,126
203ae8b9-8598-41bb-80a1-6f55e3256d50,water_bottles,lost,True,True,True,184,126
4fab64d3-cd91-4fd9-bb29-2b67aa7dc15f,water_bottles,found,True,True,True,184,126
3cff1504-507a-48cd-9ea3-8961eb7b28bd,water_bottles,lost,True,True,True,184,126
768b6377-9da6-495c-9477-880e2faa25d3,water_bottles,found,True,True,True,184,126
bc2193cf-cd80-4378-8714-08973e939b1d,water_bottles,found,True,True,True,184,126
a6f31d9f-7c94-4003-ba9c-098f7c8c6985,water_bottles,lost,True,True,True,184,126
646ac08f-b397-4dc8-9c2d-abbf1fa50f3f,water_bottles,found,True,True,True,184,126
5581ebf2-1e67-4b73-a61c-5138e6b56573,water_bottles,lost,True,True,True,184,126
95d3ff5e-c948-40a5-a243-e8425074e81d,water_bottles,lost,True,True,True,184,126
c4bb686d-8e7f-457c-b4db-08f8df22ce97,water_bottles,lost,True,True,True,184,126
b2994f44-34a0-4b31-b919-39e271960741,water_bottles,found,True,True,True,184,126
221e91a2-fc99-4f29-90c2-ce8b518ae037,water_bottles,found,True,True,True,184,126
35ad19b4-f31e-4586-a49c-c2399b14ea4e,water_bottles,lost,True,True,True,184,126
426549a7-ed70-4bd1-ae35-d2d65a9eb8e8,water_bottles,found,True,True,True,184,126
ab070ceb-d669-409a-b303-5dc83da70405,water_bottles,lost,True,True,True,184,126
13319e10-1ff1-4ee6-85ac-367d95089944,water_bottles,lost,True,True,True,184,126
91579f0f-7ab5-4a67-81cc-37cb2c8f94d1,water_bottles,lost,True,True,True,184,126
5e15a877-98e7-42c8-a9ae-2a45d9154820,water_bottles,lost,True,True,True,184,126
1a48ea9c-1175-4cc0-8519-b91d3b79864b,water_bottles,found,True,True,True,184,126
6efb0985-c969-4de9-9f11-0792ecb837b1,water_bottles,lost,True,True,True,184,126
5a1583db-b37d-4073-81b3-8481f3459494,water_bottles,found,True,True,True,184,126
c33b874a-d880-43a8-b708-9f7854863891,water_bottles,lost,True,True,True,184,126
1db37e73-bf88-4283-b92f-2c6c14be3b9b,water_bottles,found,True,True,True,184,126
17909d23-9285-4bb5-ac4c-9fbb7ec8d7f0,water_bottles,found,True,True,True,184,126
bdba076c-236f-4ea7-94e8-54ad3f355ecd,water_bottles,found,True,True,True,184,126
6875b804-3adc-425d-afd7-940d9ed197d6,water_bottles,lost,True,True,True,184,126
33bf1f52-4f00-4068-b241-8a04019c34ac,water_bottles,lost,True,True,True,184,126
c3f467da-a231-4a6a-8252-ae21b8045410,water_bottles,found,True,True,True,184,126
2d6141c9-f84b-42b6-85fe-a07f2529da06,water_bottles,found,True,True,True,184,126
60f1cf73-cb12-4730-9e9c-adb39184bdb4,water_bottles,lost,True,True,True,184,126
4f44a715-6459-45ba-9567-b2e270ec8c52,water_bottles,found,True,True,True,184,126
a4086046-f1a5-4b3a-a551-e9120d8a3b1c,water_bottles,lost,True,True,True,184,126
267b590b-5f70-4326-ab1c-c456d1e75c4d,water_bottles,lost,True,True,True,184,126
9da975ef-a18d-435d-bd04-80e25346f7f3,water_bottles,lost,True,True,True,184,126
991ef93a-319a-4e6d-bf11-1e00fda8b08a,water_bottles,lost,True,True,True,184,126
771d95e0-0917-4d42-8d10-c256a8b9d308,water_bottles,lost,True,True,True,184,126
e758b90a-0912-4a98-8fde-c65a8684612a,water_bottles,found,True,True,True,184,126
9c140907-fd75-4b10-894e-7107a053c111,water_bottles,found,True,True,True,184,126
bbf36bed-b2f1-4f6a-91a8-08328d2f750f,water_bottles,found,True,True,True,184,126
b2d6025f-5ecc-47c0-b86f-e4dda9f3cf4c,water_bottles,found,True,True,True,184,126
231729ae-94c2-4b8b-b12c-766cc58c1300,water_bottles,lost,True,True,True,184,126
0973cd6f-70ec-4749-a62a-064f85acab8f,water_bottles,found,True,True,True,184,126
9f6f883e-3012-4201-a467-f48d1b242220,water_bottles,found,True,True,True,184,126
99e3bf94-dc3c-437e-8bf4-8d9bd6b704a6,water_bottles,found,True,True,True,184,126
a4937049-d499-4020-b61e-afb99a3bfd64,water_bottles,found,True,True,True,184,126
c2cadf66-1716-4529-b496-13d75e1f63d0,water_bottles,lost,True,True,True,184,126
ae6df841-e92e-4fc1-900f-a86b7dc9e5d5,water_bottles,found,True,True,True,184,126
63387607-7d57-48ae-b3df-bbe97dbb51c7,water_bottles,found,True,True,True,184,126
4e0bbda7-0550-4a3b-8d4b-83c62590fc1a,water_bottles,found,True,True,True,184,126
a6d1e9c7-7807-42c5-a77b-d3e01e4d380d,water_bottles,found,True,True,True,184,126
cb84e921-f552-4d8e-820d-278fc5323302,water_bottles,found,True,True,True,184,126
3af1e851-9ab9-454a-8952-def31b89a547,water_bottles,found,True,True,True,184,126
5806e2c4-79d2-4799-a8da-aac668b2afff,water_bottles,found,True,True,True,184,126
2e4f09c1-9586-4536-8c24-6a1bc0e2362f,water_bottles,found,True,True,True,184,126
ebbe0590-98e8-4021-9129-827f9ccc4c77,water_bottles,found,True,True,True,184,126
1dbef56b-f38a-4bc5-ae80-a40441d59e59,water_bottles,found,True,True,True,184,126
cd15f3ae-0cac-4d8a-afe6-eb1d9df551bf,water_bottles,lost,True,True,True,184,126
497248e3-fcc2-4bd4-83f8-305fb236a23d,water_bottles,found,True,True,True,184,126
da18891a-7b0c-4e8b-9def-34dfc214aa89,water_bottles,found,True,True,True,184,126
13a2887d-ff18-46af-84eb-dcb41d670339,water_bottles,lost,True,True,True,184,126
2d4bc953-6457-4b79-bf3b-eec2dfb823ef,water_bottles,found,True,True,True,184,126
404f1419-11e2-482d-9e78-2439f31b26c1,water_bottles,found,True,True,True,184,126
da35666a-3db9-47c3-9e55-2f632d04d155,water_bottles,lost,True,True,True,184,126
7a3ff03c-395b-4b75-ad31-149542581fd0,water_bottles,found,True,True,True,184,126
d9d600c6-b841-4479-a37d-dbec6619d563,water_bottles,lost,True,True,True,184,126
afd7a0c9-5055-44c1-88d4-3c01032dce62,water_bottles,lost,True,True,True,184,126
a0599776-b801-4b81-9562-8e1f7dfc641a,water_bottles,lost,True,True,True,184,126
1b980967-61c7-4448-a4d4-2fd138b9b334,water_bottles,found,True,True,True,184,126
4e2d9971-d67b-40a9-8d9f-deaa16064e88,water_bottles,found,True,True,True,184,126
863d9d14-1a90-40a7-b63c-47584475e275,water_bottles,found,True,True,True,184,126
2cba2f5f-cf2b-4a07-991b-700b2cd89db3,water_bottles,found,True,True,True,184,126
96c5e1dd-35b2-4869-b3d1-19e6f07f924d,water_bottles,lost,True,True,True,184,126
9c945c34-ef8f-4306-8a11-db2bd99fa2a5,water_bottles,lost,True,True,True,184,126
1f6429cf-4dce-43e4-a720-bd40b2cfbde4,water_bottles,lost,True,True,True,184,126
9e3f64ad-b1f2-4d6b-98a9-01cb0c98bdd6,water_bottles,found,True,True,True,184,126
283c6b39-684c-412a-b725-5102578e9118,water_bottles,found,True,True,True,184,126
4cab8d12-cda4-4c8f-a379-28ca7bb9b106,water_bottles,lost,True,True,True,184,126
3df2ea0e-b5e0-460e-8459-77fadaacca0f,water_bottles,found,True,True,True,184,126
33760247-a8ff-495d-8750-7f0eba1b5a44,water_bottles,lost,True,True,True,184,126
e5392882-c805-42d0-bbc7-726393d75cc5,water_bottles,lost,True,True,True,184,126
145e28c4-de37-4b4a-ac2d-81ab14ce500d,water_bottles,found,True,True,True,184,126
b73039b7-6fb3-4594-9afd-24bee37e20b1,water_bottles,found,True,True,True,184,126
3e3aebad-41b1-47c1-8c28-f38187fe8e7b,water_bottles,lost,True,True,True,184,126
7ce688a8-0cc4-4cd3-9177-87cc0217e968,water_bottles,found,True,True,True,184,126
738da998-8499-459c-8cea-243f212244d3,water_bottles,lost,True,True,True,184,126
2e610405-5e19-47e3-9ee1-1d3c37789009,water_bottles,found,True,True,True,184,126
3585f42c-47d9-486c-9259-4a22947abf7b,water_bottles,found,True,True,True,184,126
cc38ef1b-c8e3-4f68-b733-1fba87db1a18,water_bottles,found,True,True,True,184,126
5b24891e-974a-4f4a-99b1-0c161aaf70b8,water_bottles,found,True,True,True,184,126
f7d39afc-47c0-4aae-a416-4e8819236653,water_bottles,lost,True,True,True,184,126
9f9c4f4f-1ff6-4ecb-a2e5-0a197b86984b,water_bottles,lost,True,True,True,184,126
da83d7e3-de0d-456c-8b37-325e203e0c9b,water_bottles,found,True,True,True,184,126
e4d50964-088b-41ae-9069-2877cbcc8c9e,water_bottles,found,True,True,True,184,126
306e6f04-61d2-4263-ad84-fbb727a4fd8d,water_bottles,found,True,True,True,184,126
1b69cf51-4fc8-46bc-b90c-c3a1be4a2068,water_bottles,found,True,True,True,184,126
7fdefe01-27a8-4524-83aa-6c8796646575,water_bottles,lost,True,True,True,184,126
31797d51-c680-401f-9c0b-e464db90de98,water_bottles,lost,True,True,True,184,126
4daccc02-d760-4ee7-bc3c-0c93410f5a68,water_bottles,lost,True,True,True,184,126
a8ecf3bf-8146-493f-8859-6eb1f9a576eb,water_bottles,found,True,True,True,184,126
de588d2c-0fb0-4c79-a61e-cf572a4e366c,water_bottles,lost,True,True,True,184,126
b8614683-4402-428f-8119-3bdccfa419ef,water_bottles,lost,True,True,True,184,126
4ff8cc91-5ebb-44c6-bd3b-54bf36cf426e,water_bottles,found,True,True,True,184,126
8d6ab2bd-f45f-4914-b1b7-7a9a6d98c7bd,water_bottles,lost,True,True,True,184,126
e20fd8d4-1662-4759-a6b2-e4ee952ee440,water_bottles,lost,True,True,True,184,126
c3160d47-6107-46ad-b8db-9c606a92488c,water_bottles,found,True,True,True,184,126
2238601d-578f-4a08-bb3e-536ae6bdf0fe,water_bottles,lost,True,True,True,184,126
1945ddf4-a5bc-4975-8a01-f3299cbff3ca,water_bottles,found,True,True,True,184,126
9cbf7ac0-1bc1-4261-b429-04e75bf53b1a,water_bottles,found,True,True,True,184,126
4f7de41e-a917-4312-a60e-98aff0816763,water_bottles,lost,True,True,True,184,126
9cc22361-3b04-41c6-864b-bfd679ccc2f9,water_bottles,found,True,True,True,184,126
81de08d0-5a06-4e66-b294-bb3e1da18d3e,water_bottles,lost,True,True,True,184,126
f78dfa07-401c-4618-8513-8a873e23990a,water_bottles,lost,True,True,True,184,126
9c6b79c8-7c99-4d96-9db5-a13c58f4b1c2,water_bottles,found,True,True,True,184,126
4c4cfec5-9ebb-4cbe-86d1-472205b7d958,water_bottles,found,True,True,True,184,126
0ce63d0b-acaf-440f-890a-2d24379aa22e,water_bottles,lost,True,True,True,184,126
a214eaff-c96b-41f0-b3c5-b517cb91e378,water_bottles,found,True,True,True,184,126
12aee1c4-a0f2-404a-950b-b05600d2fa12,water_bottles,found,True,True,True,184,126
bf8ce9eb-7b74-4629-99d3-c27c4778793e,water_bottles,found,True,True,True,184,126
8290e7bb-6165-457e-98f8-c530beccfd1e,water_bottles,found,True,True,True,184,126
0cb8819d-2042-4e91-8e2e-ee46812ca6a5,water_bottles,lost,True,True,True,184,126
184bb98e-a9d2-4d56-be17-e4da0a829bf6,water_bottles,found,True,True,True,184,126
bf57c69c-eebd-4bd1-a2e8-39d8df5898e1,water_bottles,found,True,True,True,184,126
9b7c1ffa-82a0-4a62-bfdc-16c2d6861a78,water_bottles,found,True,True,True,184,126
2d554059-781b-416c-936b-3363911175e9,water_bottles,found,True,True,True,184,126
7a1adeed-5428-4975-b366-db9bc55cf187,water_bottles,found,True,True,True,184,126
64c13e1c-1e23-4bc8-8d2c-cd2fb0281179,water_bottles,lost,True,True,True,184,126
360fafba-daae-4ea5-ae0b-61c407501121,water_bottles,lost,True,True,True,184,126
a78ca509-4d7b-4945-866d-785214832a0c,water_bottles,lost,True,True,True,184,126
83d972d4-c640-4113-88ac-0653f042e39f,water_bottles,found,True,True,True,184,126
e726e49b-6e02-45d8-a4b5-93bcecfcf24c,water_bottles,found,True,True,True,184,126
d218bbcc-91de-4763-b1e7-9de755d403b4,water_bottles,lost,True,True,True,184,126
cb9f3e23-711e-49be-8684-8d68ef9f7337,water_bottles,lost,True,True,True,184,126
b27e4fa7-6242-4839-80c5-83b5e3632fbf,water_bottles,found,True,True,True,184,126
aa9a846f-1713-4e26-aa52-78b2b945c674,water_bottles,found,True,True,True,184,126
ba932a64-2a60-437b-ac5f-8c42a8b1abb1,water_bottles,found,True,True,True,184,126
a8429498-755a-4fae-aa78-72ca6175ca5c,water_bottles,found,True,True,True,184,126
9f1c98af-7bac-4161-9b9d-ae183a9bf55a,water_bottles,found,True,True,True,184,126
86a592b1-da42-4ae0-bdf6-a4a6deea7ca3,water_bottles,found,True,True,True,184,126
31f42c71-2ae9-4e96-b986-2a3acdd5a219,water_bottles,found,True,True,True,184,126
99807d67-59cd-4645-98e7-de32ec6f27af,water_bottles,lost,True,True,True,184,126
9e7c76f7-4608-4efe-9aff-aca74f201e3f,water_bottles,found,True,True,True,184,126
